id,survey_year,lon,lat,capacity_group,denomination,accepted_gender
AG01,1933,8.0457015,47.390434,not specified,not specified,mixed
AG02,1940,8.0457015,47.390434,20 - 49,interdenominational,mixed
AG02,1954,8.0457015,47.390434,20 - 49,interdenominational,mixed
AG02,1965,8.0457015,47.390434,20 - 49,interdenominational,mixed
AG02,1980,8.0457015,47.390434,20 - 49,interdenominational,mixed
AG03,1933,7.9066923,47.3205914,50 - 99,interdenominational,male
AG03,1940,7.9066923,47.3205914,50 - 99,interdenominational,male
AG03,1954,7.9066923,47.3205914,50 - 99,interdenominational,male
AG03,1965,7.9066923,47.3205914,50 - 99,interdenominational,male
AG04,1933,8.3599148,47.2941874,50 - 99,interdenominational,male
AG04,1940,8.3415566,47.2735792,100 - 149,interdenominational,male
AG04,1954,8.3415566,47.2735792,100 - 149,interdenominational,male
AG04,1965,8.3415566,47.2735792,100 - 149,interdenominational,male
AG05,1933,8.1685729,47.4278444,20 - 49,protestant,male
AG05,1940,8.1685729,47.4278444,20 - 49,not specified,male
AG05,1954,8.1685729,47.4278444,20 - 49,interdenominational,male
AG05,1965,8.1685729,47.4278444,20 - 49,interdenominational,male
AG06,1940,8.2109103,47.4867355,0 - 19,interdenominational,mixed
AG06,1954,8.2109103,47.4867355,0 - 19,interdenominational,mixed
AG06,1965,8.2109103,47.4867355,0 - 19,interdenominational,mixed
AG06,1980,8.2109103,47.4867355,0 - 19,interdenominational,mixed
AG07,1933,8.2059141,47.4363544,50 - 99,interdenominational,male
AG07,1940,8.2059141,47.4363544,50 - 99,interdenominational,male
AG07,1954,8.2059141,47.4363544,50 - 99,interdenominational,male
AG07,1965,8.2059141,47.4363544,50 - 99,interdenominational,male
AG08,1940,8.30809,47.47288,0 - 19,interdenominational,mixed
AG08,1954,8.30809,47.47288,0 - 19,interdenominational,mixed
AG08,1965,8.30809,47.47288,0 - 19,interdenominational,mixed
AG08,1980,8.30809,47.47288,0 - 19,interdenominational,mixed
AG09,1940,8.3397905,47.3491774,0 - 19,interdenominational,mixed
AG09,1954,8.3397905,47.3491774,0 - 19,interdenominational,mixed
AG09,1965,8.3397905,47.3491774,0 - 19,interdenominational,mixed
AG09,1980,8.3397905,47.3491774,0 - 19,interdenominational,mixed
AG10,1940,8.0582758,47.5596648,0 - 19,interdenominational,mixed
AG10,1954,8.0582758,47.5596648,0 - 19,interdenominational,mixed
AG10,1965,8.0582758,47.5596648,0 - 19,interdenominational,mixed
AG10,1980,8.0582758,47.5596648,0 - 19,interdenominational,mixed
AG100,1933,8.3599148,47.2941874,not specified,not specified,mixed
AG11,1940,8.1721545,47.3904443,0 - 19,interdenominational,mixed
AG11,1954,8.1721545,47.3904443,0 - 19,interdenominational,mixed
AG11,1965,8.1721545,47.3904443,0 - 19,interdenominational,mixed
AG11,1980,8.1721545,47.3904443,0 - 19,interdenominational,mixed
AG12,1940,8.3415566,47.2735792,0 - 19,interdenominational,mixed
AG12,1954,8.3415566,47.2735792,0 - 19,interdenominational,mixed
AG12,1965,8.3415566,47.2735792,0 - 19,interdenominational,mixed
AG12,1980,8.3415566,47.2735792,0 - 19,interdenominational,mixed
AG13,1940,7.7922914,47.55219,0 - 19,interdenominational,mixed
AG13,1954,7.7922914,47.55219,0 - 19,interdenominational,mixed
AG13,1965,7.7922914,47.55219,0 - 19,interdenominational,mixed
AG13,1980,7.7922914,47.55219,0 - 19,interdenominational,mixed
AG14,1940,8.1137093,47.3131283,0 - 19,interdenominational,mixed
AG14,1954,8.1137093,47.3131283,0 - 19,interdenominational,mixed
AG14,1965,8.1137093,47.3131283,0 - 19,interdenominational,mixed
AG15,1940,7.9447619,47.2888449,0 - 19,interdenominational,mixed
AG15,1954,7.9447619,47.2888449,0 - 19,interdenominational,mixed
AG15,1965,7.9447619,47.2888449,0 - 19,interdenominational,mixed
AG15,1980,7.9447619,47.2888449,0 - 19,interdenominational,mixed
AG16,1940,8.2933248,47.5877895,0 - 19,interdenominational,mixed
AG16,1954,8.2933248,47.5877895,0 - 19,interdenominational,mixed
AG16,1965,8.2933248,47.5877895,0 - 19,interdenominational,mixed
AG16,1980,8.2933248,47.5877895,0 - 19,interdenominational,mixed
AG17,1940,8.0813767,47.4137159,50 - 99,interdenominational,mixed
AG17,1954,8.0813767,47.4137159,50 - 99,interdenominational,mixed
AG17,1965,8.0813767,47.4137159,50 - 99,interdenominational,mixed
AG18,1940,8.2489572,47.5810229,100 - 149,interdenominational,mixed
AG18,1954,8.2489572,47.5810229,100 - 149,interdenominational,mixed
AG18,1965,8.2489572,47.5810229,100 - 149,catholic,mixed
AG19,1933,8.1362613,47.4166971,not specified,not specified,mixed
AG20,1933,8.30809,47.47288,not specified,not specified,mixed
AG21,1933,8.31702,47.55505,not specified,not specified,mixed
AG22,1933,8.202477,47.2662921,not specified,not specified,mixed
AG23,1933,8.3648949,47.2479093,not specified,not specified,mixed
AG24,1933,8.390457,47.3934257,not specified,not specified,mixed
AG25,1933,8.0813767,47.4137159,not specified,not specified,mixed
AG26,1933,8.1982023,47.2887342,not specified,not specified,mixed
AG27,1933,8.1871583,47.3175046,not specified,not specified,mixed
AG28,1933,8.3128941,47.3008078,not specified,not specified,mixed
AG29,1933,8.3397905,47.3491774,not specified,not specified,mixed
AG30,1933,8.2109103,47.4867355,not specified,not specified,mixed
AG31,1933,8.2109103,47.4867355,not specified,not specified,mixed
AG32,1933,8.0798273,47.3910649,not specified,not specified,mixed
AG33,1933,8.3108014,47.267992,not specified,not specified,mixed
AG34,1933,8.3920498,47.1488021,not specified,not specified,mixed
AG35,1933,8.2280787,47.3644751,not specified,not specified,mixed
AG36,1933,8.1568605,47.3214469,not specified,not specified,mixed
AG37,1933,8.10427,47.4886223,not specified,not specified,mixed
AG38,1933,7.9871358,47.5331075,not specified,not specified,mixed
AG39,1933,8.3143249,47.4795038,not specified,not specified,mixed
AG40,1933,8.133845,47.5432404,not specified,not specified,mixed
AG41,1933,8.1447557,47.2801607,not specified,not specified,mixed
AG42,1933,8.0980292,47.3621015,not specified,not specified,mixed
AG43,1933,8.251313,47.3869008,not specified,not specified,mixed
AG44,1933,8.2115423,47.4621304,not specified,not specified,mixed
AG45,1933,8.0507173,47.4742674,not specified,not specified,mixed
AG46,1933,8.0527123,47.3188006,not specified,not specified,mixed
AG47,1933,8.0646316,47.4998388,not specified,not specified,mixed
AG48,1933,8.4182689,47.5675585,not specified,not specified,mixed
AG49,1933,8.04439,47.54033,not specified,not specified,mixed
AG50,1933,8.2489572,47.5810229,not specified,not specified,mixed
AG51,1933,8.23842,47.60954,not specified,not specified,mixed
AG52,1933,8.3303512,47.3895991,not specified,not specified,mixed
AG53,1933,8.0472144,47.4175999,not specified,not specified,mixed
AG54,1933,8.1721545,47.3904443,not specified,not specified,mixed
AG55,1933,8.1736563,47.3100762,not specified,not specified,mixed
AG56,1933,8.2044259,47.4409386,not specified,not specified,mixed
AG57,1933,8.229098,47.294895,not specified,not specified,mixed
AG58,1933,8.2727454,47.4179544,not specified,not specified,mixed
AG59,1933,8.1875302,47.2403152,not specified,not specified,mixed
AG60,1933,8.1271002,47.5638457,not specified,not specified,mixed
AG61,1933,8.0555306,47.3323843,not specified,not specified,mixed
AG62,1933,7.9667513,47.5399234,not specified,not specified,mixed
AG63,1933,8.3415566,47.2735792,not specified,not specified,mixed
AG64,1933,8.3274948,47.4494044,not specified,not specified,mixed
AG65,1933,8.2952607,47.3773998,not specified,not specified,mixed
AG66,1933,8.2893399,47.5468696,not specified,not specified,mixed
AG67,1933,8.1333139,47.5545954,not specified,not specified,mixed
AG68,1933,8.3900972,47.3113276,not specified,not specified,mixed
AG69,1933,8.017178,47.5190933,not specified,not specified,mixed
AG70,1933,8.179928,47.2580272,not specified,not specified,mixed
AG71,1933,8.32183,47.56982,not specified,not specified,mixed
AG72,1933,7.7922914,47.55219,not specified,not specified,mixed
AG73,1933,8.3807414,47.3690655,not specified,not specified,mixed
AG74,1933,8.2067115,47.5087096,not specified,not specified,mixed
AG75,1933,8.251219,47.310589,not specified,not specified,mixed
AG76,1933,8.1427966,47.4474737,not specified,not specified,mixed
AG77,1933,8.1444247,47.5859912,not specified,not specified,mixed
AG78,1933,8.2054516,47.3267872,not specified,not specified,mixed
AG79,1933,8.379834,47.5451227,not specified,not specified,mixed
AG80,1933,7.9895639,47.5532793,not specified,not specified,mixed
AG81,1933,8.0795037,47.370902,not specified,not specified,mixed
AG82,1933,8.0957858,47.5343627,not specified,not specified,mixed
AG83,1933,8.2786916,47.403857,not specified,not specified,mixed
AG84,1933,8.2215858,47.3067267,not specified,not specified,mixed
AG85,1933,8.1147283,47.329831,not specified,not specified,mixed
AG86,1933,8.1035688,47.438287,not specified,not specified,mixed
AG87,1933,8.2147881,47.5262164,not specified,not specified,mixed
AG88,1933,7.9760149,47.4800318,not specified,not specified,mixed
AG89,1933,8.2768762,47.3493653,not specified,not specified,mixed
AG90,1933,7.998045,47.4610461,not specified,not specified,mixed
AG91,1933,8.2545695,47.533865,not specified,not specified,mixed
AG92,1933,8.14964,47.2862147,not specified,not specified,mixed
AG93,1933,7.9447619,47.2888449,not specified,not specified,mixed
AG94,1933,8.2159655,47.4789604,200 or more,interdenominational,mixed
AG94,1940,8.217601,47.480233,200 or more,interdenominational,mixed
AG94,1954,8.217601,47.480233,200 or more,interdenominational,mixed
AG94,1965,8.217601,47.480233,200 or more,interdenominational,mixed
AG95,1933,8.1721545,47.3904443,50 - 99,interdenominational,mixed
AG95,1940,8.1721545,47.3904443,200 or more,interdenominational,mixed
AG95,1954,8.1721545,47.3904443,200 or more,interdenominational,mixed
AG95,1965,8.1721545,47.3904443,200 or more,interdenominational,male
AG95,1980,8.1721545,47.3904443,150 - 199,interdenominational,male
AG96,1965,8.1588699,47.3481098,50 - 99,interdenominational,male
AG97,1965,8.1296349,47.4409849,20 - 49,protestant,mixed
AG98,1940,7.7832254,47.5207317,50 - 99,interdenominational,male
AG98,1954,7.7832254,47.5207317,50 - 99,interdenominational,male
AG98,1965,7.7832254,47.5207317,20 - 49,interdenominational,male
AG99,1965,8.3411019,47.3307554,100 - 149,catholic,mixed
AI01,1933,9.406594,47.334932,150 - 199,not specified,mixed
AI02,1933,9.5498523,47.4228209,20 - 49,catholic,mixed
AI03,1940,9.406594,47.334932,0 - 19,interdenominational,mixed
AI03,1954,9.406594,47.334932,not specified,interdenominational,mixed
AI03,1965,9.406594,47.334932,0 - 19,interdenominational,mixed
AI03,1980,9.406594,47.334932,0 - 19,interdenominational,mixed
AI04,1980,9.5498523,47.4228209,0 - 19,interdenominational,mixed
AR01,1933,9.3519611,47.3864006,50 - 99,interdenominational,mixed
AR01,1940,9.3527487,47.3866428,50 - 99,interdenominational,mixed
AR01,1954,9.3527487,47.3866428,50 - 99,interdenominational,mixed
AR01,1965,9.3670412,47.3919081,50 - 99,interdenominational,male
AR01,1980,9.3670412,47.3919081,20 - 49,interdenominational,male
AR02,1933,9.2798472,47.3857009,20 - 49,not specified,mixed
AR02,1940,9.2798472,47.3857009,20 - 49,interdenominational,not specified
AR02,1954,9.2798472,47.3857009,20 - 49,interdenominational,male
AR02,1965,9.2798472,47.3857009,20 - 49,interdenominational,male
AR03,1933,9.2798472,47.3857009,200 or more,interdenominational,mixed
AR03,1940,9.2798472,47.3857009,200 or more,interdenominational,mixed
AR03,1954,9.2798472,47.3857009,not specified,interdenominational,mixed
AR03,1965,9.2798472,47.3857009,200 or more,interdenominational,mixed
AR04,1940,9.5798361,47.4591355,100 - 149,protestant,female
AR04,1954,9.5798361,47.4591355,100 - 149,protestant,female
AR04,1965,9.5798361,47.4591355,100 - 149,protestant,female
AR05,1933,9.4245108,47.3730767,not specified,not specified,mixed
AR06,1933,9.4524457,47.3621531,not specified,not specified,mixed
AR07,1933,9.509459,47.447864,not specified,not specified,mixed
AR08,1933,9.5319772,47.4440576,not specified,not specified,mixed
AR09,1933,9.2798472,47.3857009,100 - 149,interdenominational,mixed
AR10,1933,9.2798472,47.3857009,not specified,not specified,mixed
AR11,1933,9.3207148,47.3658642,not specified,not specified,mixed
AR12,1933,9.5798361,47.4591355,not specified,not specified,mixed
AR13,1933,9.4829689,47.4260992,not specified,not specified,mixed
AR14,1933,9.5760652,47.419751,not specified,not specified,mixed
AR15,1933,9.2489271,47.3542872,not specified,not specified,mixed
AR16,1933,9.4416911,47.4117837,not specified,not specified,mixed
AR17,1933,9.3448602,47.3744573,not specified,not specified,mixed
AR18,1933,9.3892463,47.390742,not specified,not specified,mixed
AR19,1933,9.4647144,47.4078753,not specified,not specified,mixed
AR20,1940,9.4647144,47.4078753,not specified,interdenominational,mixed
AR20,1965,9.4647144,47.4078753,0 - 19,interdenominational,mixed
AR20,1980,9.4647144,47.4078753,0 - 19,interdenominational,mixed
AR21,1933,9.2826442,47.3170588,not specified,not specified,mixed
AR22,1933,9.4904334,47.4157934,not specified,not specified,mixed
AR23,1933,9.6023288,47.4513643,not specified,not specified,mixed
AR24,1965,9.6023288,47.4513643,50 - 99,interdenominational,female
AR25,1933,9.5450575,47.4492727,not specified,not specified,mixed
BE01,1933,7.5401137,47.0454556,50 - 99,interdenominational,female
BE01,1940,7.5401137,47.0454556,100 - 149,interdenominational,female
BE01,1954,7.5401137,47.0454556,100 - 149,interdenominational,female
BE01,1965,7.5401137,47.0454556,150 - 199,interdenominational,female
BE01,1980,7.5401137,47.0454556,50 - 99,interdenominational,female
BE02,1980,7.0578947,47.014664,150 - 199,interdenominational,male
BE02a,1940,7.5453609,46.6234827,20 - 49,interdenominational,male
BE02a,1954,7.5453609,46.6234827,20 - 49,interdenominational,male
BE02a,1965,7.5453609,46.6234827,20 - 49,interdenominational,male
BE02b,1940,7.08635,46.99576,200 or more,interdenominational,male
BE02b,1954,7.08635,46.99576,200 or more,interdenominational,male
BE02b,1965,7.08635,46.99576,200 or more,interdenominational,male
BE02c,1940,7.08635,46.99576,150 - 199,interdenominational,male
BE02c,1954,7.08635,46.99576,150 - 199,interdenominational,male
BE02c,1965,7.08635,46.99576,50 - 99,interdenominational,male
BE02d,1940,7.08635,46.99576,20 - 49,interdenominational,male
BE02d,1954,7.08635,46.99576,20 - 49,interdenominational,male
BE02d,1965,7.08635,46.99576,20 - 49,interdenominational,male
BE02e,1933,7.0578947,47.014664,20 - 49,interdenominational,male
BE02e,1965,7.0611935,46.9884807,20 - 49,interdenominational,male
BE02e,1940,7.08635,46.99576,20 - 49,interdenominational,male
BE02e,1954,7.08635,46.99576,50 - 99,interdenominational,male
BE03,1933,7.0730626,47.0581255,200 or more,interdenominational,male
BE03,1940,7.0730626,47.0581255,200 or more,interdenominational,male
BE03,1954,7.0730626,47.0581255,200 or more,interdenominational,male
BE03,1980,7.0693,47.04485,20 - 49,interdenominational,male
BE03a,1965,7.0730626,47.0581255,100 - 149,interdenominational,male
BE03b,1965,7.0730626,47.0581255,100 - 149,interdenominational,male
BE04,1933,7.5669015,47.0101968,200 or more,interdenominational,male
BE04,1940,7.5669015,47.0101968,200 or more,interdenominational,male
BE04,1954,7.5669015,47.0101968,200 or more,interdenominational,male
BE04,1965,7.5669015,47.0101968,200 or more,interdenominational,male
BE04,1980,7.5669015,47.0101968,150 - 199,interdenominational,male
BE05,1933,7.7906824,46.9378622,200 or more,interdenominational,mixed
BE05,1940,7.7906824,46.9378622,200 or more,interdenominational,mixed
BE05,1954,7.7906824,46.9378622,200 or more,interdenominational,mixed
BE05,1965,7.7906824,46.9378622,200 or more,interdenominational,mixed
BE06,1933,7.4140521,46.9997652,20 - 49,protestant,male
BE06,1940,7.4140521,46.9997652,50 - 99,protestant,male
BE06,1954,7.4140521,46.9997652,50 - 99,protestant,male
BE06,1965,7.4140521,46.9997652,50 - 99,protestant,male
BE07,1933,7.0578947,47.014664,150 - 199,protestant,male
BE07,1940,7.0611935,46.9884807,150 - 199,interdenominational,male
BE07,1954,7.0611935,46.9884807,150 - 199,interdenominational,male
BE07,1965,7.0578947,47.014664,200 or more,interdenominational,male
BE08,1933,6.9647878,47.1390891,50 - 99,interdenominational,mixed
BE08,1940,6.9647878,47.1390891,50 - 99,interdenominational,mixed
BE08,1965,6.9647878,47.1390891,150 - 199,interdenominational,mixed
BE09,1933,7.130459,47.0994968,100 - 149,protestant,male
BE09,1940,7.130459,47.0994968,100 - 149,interdenominational,male
BE09,1954,7.130459,47.0994968,100 - 149,interdenominational,male
BE09,1965,7.130459,47.0994968,100 - 149,interdenominational,male
BE10,1940,7.7077698,47.189468,20 - 49,protestant,female
BE10,1954,7.7077698,47.189468,20 - 49,protestant,female
BE10,1965,7.7077698,47.189468,20 - 49,protestant,female
BE11,1940,7.2751012,47.0420553,not specified,interdenominational,mixed
BE11,1954,7.2751012,47.0420553,not specified,interdenominational,mixed
BE11,1965,7.2751012,47.0420553,0 - 19,interdenominational,mixed
BE11,1980,7.2751012,47.0420553,0 - 19,interdenominational,mixed
BE12,1940,7.7708422,47.2377902,not specified,interdenominational,mixed
BE12,1954,7.7708422,47.2377902,not specified,interdenominational,mixed
BE12,1965,7.7708422,47.2377902,0 - 19,interdenominational,mixed
BE12,1980,7.7708422,47.2377902,0 - 19,interdenominational,mixed
BE13,1940,7.499006,46.8914239,not specified,interdenominational,mixed
BE13,1954,7.499006,46.8914239,not specified,interdenominational,mixed
BE13,1965,7.5406672,46.7873678,0 - 19,interdenominational,mixed
BE13,1980,7.499006,46.8914239,0 - 19,interdenominational,mixed
BE14,1940,7.4474468,46.9479739,100 - 149,interdenominational,mixed
BE14,1954,7.4474468,46.9479739,100 - 149,interdenominational,mixed
BE14,1965,7.4474468,46.9479739,50 - 99,interdenominational,mixed
BE14,1980,7.4474468,46.9479739,100 - 149,interdenominational,mixed
BE15,1940,7.2467909,47.1367785,20 - 49,interdenominational,mixed
BE15,1954,7.2467909,47.1367785,20 - 49,interdenominational,mixed
BE15,1965,7.2467909,47.1367785,20 - 49,interdenominational,mixed
BE15,1980,7.2467909,47.1367785,20 - 49,interdenominational,mixed
BE16,1940,7.3879032,46.5390718,0 - 19,interdenominational,mixed
BE16,1954,7.3879032,46.5390718,0 - 19,interdenominational,mixed
BE16,1965,7.3879032,46.5390718,0 - 19,interdenominational,mixed
BE16,1980,7.3879032,46.5390718,0 - 19,interdenominational,mixed
BE17,1940,7.3747968,47.1395743,0 - 19,interdenominational,mixed
BE17,1954,7.3747968,47.1395743,0 - 19,interdenominational,mixed
BE17,1965,7.3747968,47.1395743,0 - 19,interdenominational,mixed
BE17,1980,7.3747968,47.1395743,0 - 19,interdenominational,mixed
BE18,1940,7.6272243,47.0559357,20 - 49,interdenominational,mixed
BE18,1954,7.6272243,47.0559357,20 - 49,interdenominational,mixed
BE18,1965,7.6272243,47.0559357,20 - 49,interdenominational,mixed
BE18,1980,7.6272243,47.0559357,0 - 19,interdenominational,mixed
BE19,1940,7.0729547,47.1783274,0 - 19,interdenominational,mixed
BE19,1954,7.0729547,47.1783274,0 - 19,interdenominational,mixed
BE19,1965,7.0729547,47.1783274,0 - 19,interdenominational,mixed
BE19,1980,7.0729547,47.1783274,0 - 19,interdenominational,mixed
BE20,1940,7.3451555,47.365837,20 - 49,interdenominational,mixed
BE20,1954,7.3451555,47.365837,20 - 49,interdenominational,mixed
BE20,1965,7.3451555,47.365837,20 - 49,interdenominational,mixed
BE21,1940,7.0968065,47.0434885,0 - 19,interdenominational,mixed
BE21,1954,7.0968065,47.0434885,0 - 19,interdenominational,mixed
BE21,1965,7.0968065,47.0434885,0 - 19,interdenominational,mixed
BE21,1980,7.0968065,47.0434885,0 - 19,interdenominational,mixed
BE22,1940,7.5268739,47.0862376,0 - 19,interdenominational,mixed
BE22,1954,7.5268739,47.0862376,0 - 19,interdenominational,mixed
BE22,1965,7.5268739,47.0862376,0 - 19,interdenominational,mixed
BE22,1980,7.5268739,47.0862376,0 - 19,interdenominational,mixed
BE23,1940,7.646887,46.5897805,0 - 19,interdenominational,mixed
BE23,1954,7.646887,46.5897805,0 - 19,interdenominational,mixed
BE23,1965,7.646887,46.5897805,0 - 19,interdenominational,mixed
BE23,1980,7.646887,46.5897805,0 - 19,interdenominational,mixed
BE24,1940,7.8632049,46.6863481,20 - 49,interdenominational,mixed
BE24,1954,7.8632049,46.6863481,20 - 49,interdenominational,mixed
BE24,1965,7.8632049,46.6863481,0 - 19,interdenominational,mixed
BE24,1980,7.8632049,46.6863481,0 - 19,interdenominational,mixed
BE25,1940,7.6208263,46.8794597,not specified,interdenominational,mixed
BE25,1954,7.6208263,46.8794597,not specified,interdenominational,mixed
BE25,1965,7.6208263,46.8794597,0 - 19,interdenominational,mixed
BE25,1980,7.6086403,46.9095388,0 - 19,interdenominational,mixed
BE26,1940,7.0912628,47.0632023,0 - 19,interdenominational,mixed
BE26,1954,7.0912628,47.0632023,0 - 19,interdenominational,mixed
BE26,1965,7.0912628,47.0632023,0 - 19,interdenominational,mixed
BE26,1980,7.0912628,47.0632023,0 - 19,interdenominational,mixed
BE27,1940,7.7906824,46.9378622,20 - 49,interdenominational,mixed
BE27,1954,7.7906824,46.9378622,20 - 49,interdenominational,mixed
BE27,1965,7.7906824,46.9378622,0 - 19,interdenominational,mixed
BE27,1980,7.7906824,46.9378622,0 - 19,interdenominational,mixed
BE28,1940,7.2386901,46.9035653,20 - 49,interdenominational,mixed
BE28,1954,7.2386901,46.9035653,20 - 49,interdenominational,mixed
BE28,1965,7.2386901,46.9035653,0 - 19,interdenominational,mixed
BE28,1980,7.2386901,46.9035653,0 - 19,interdenominational,mixed
BE29,1940,7.2386901,46.9035653,0 - 19,interdenominational,mixed
BE29,1954,7.2386901,46.9035653,0 - 19,interdenominational,mixed
BE29,1965,7.2386901,46.9035653,0 - 19,interdenominational,mixed
BE29,1980,7.2386901,46.9035653,not specified,interdenominational,mixed
BE30,1940,8.1909081,46.7251614,0 - 19,interdenominational,mixed
BE30,1954,8.1909081,46.7251614,0 - 19,interdenominational,mixed
BE30,1965,8.1909081,46.7251614,0 - 19,interdenominational,mixed
BE30,1980,8.1909081,46.7251614,0 - 19,interdenominational,mixed
BE31,1940,7.3716656,47.2782749,0 - 19,interdenominational,mixed
BE31,1954,7.3716656,47.2782749,0 - 19,interdenominational,mixed
BE31,1965,7.3716656,47.2782749,0 - 19,interdenominational,mixed
BE31,1980,7.3716656,47.2782749,0 - 19,interdenominational,mixed
BE32,1940,7.2068378,47.1299328,0 - 19,interdenominational,mixed
BE32,1954,7.2068378,47.1299328,0 - 19,interdenominational,mixed
BE32,1965,7.2068378,47.1299328,0 - 19,interdenominational,mixed
BE32,1980,7.2068378,47.1299328,0 - 19,interdenominational,mixed
BE33,1940,7.0479025,47.4206036,20 - 49,interdenominational,mixed
BE33,1954,7.0479025,47.4206036,20 - 49,interdenominational,mixed
BE33,1965,7.0479025,47.4206036,20 - 49,interdenominational,mixed
BE34,1940,7.2854921,46.4741066,0 - 19,interdenominational,mixed
BE34,1954,7.2854921,46.4741066,0 - 19,interdenominational,mixed
BE34,1965,7.2854921,46.4741066,0 - 19,interdenominational,mixed
BE34,1980,7.2854921,46.4741066,0 - 19,interdenominational,mixed
BE35,1940,6.9964022,47.2561774,not specified,interdenominational,mixed
BE35,1954,6.9964022,47.2561774,not specified,interdenominational,mixed
BE35,1965,6.9964022,47.2561774,0 - 19,interdenominational,mixed
BE36,1940,7.3411203,46.8184541,not specified,interdenominational,mixed
BE36,1954,7.3411203,46.8184541,not specified,interdenominational,mixed
BE36,1965,7.3411203,46.8184541,0 - 19,interdenominational,mixed
BE36,1980,7.3411203,46.8184541,0 - 19,interdenominational,mixed
BE37,1940,7.6279881,46.7579868,20 - 49,interdenominational,mixed
BE37,1954,7.6279881,46.7579868,20 - 49,interdenominational,mixed
BE37,1965,7.6279881,46.7579868,20 - 49,interdenominational,mixed
BE37,1980,7.6279881,46.7579868,20 - 49,interdenominational,mixed
BE38,1940,7.7351124,47.0139304,0 - 19,interdenominational,mixed
BE38,1954,7.7351124,47.0139304,0 - 19,interdenominational,mixed
BE38,1965,7.7351124,47.0139304,0 - 19,interdenominational,mixed
BE38,1980,7.7351124,47.0139304,0 - 19,interdenominational,mixed
BE39,1940,7.6556331,47.23458,0 - 19,interdenominational,mixed
BE39,1954,7.6556331,47.23458,0 - 19,interdenominational,mixed
BE39,1965,7.6556331,47.23458,0 - 19,interdenominational,mixed
BE39,1980,7.6556331,47.23458,0 - 19,interdenominational,mixed
BE40,1940,7.6386272,46.6761167,0 - 19,interdenominational,mixed
BE40,1954,7.6386272,46.6761167,0 - 19,interdenominational,mixed
BE40,1965,7.6386272,46.6761167,0 - 19,interdenominational,mixed
BE40,1980,7.6386272,46.6761167,0 - 19,interdenominational,mixed
BE41,1933,7.4667654,46.9355412,20 - 49,protestant,female
BE41,1940,7.4474468,46.9479739,20 - 49,protestant,female
BE41,1954,7.4474468,46.9479739,20 - 49,protestant,female
BE41,1965,7.4474468,46.9479739,20 - 49,protestant,female
BE42,1965,7.7708422,47.2377902,50 - 99,protestant,male
BE43,1940,7.1674959,47.2631028,200 or more,interdenominational,mixed
BE43,1954,7.1674959,47.2631028,200 or more,interdenominational,mixed
BE43,1965,7.1674959,47.2631028,200 or more,interdenominational,mixed
BE44,1940,7.4489732,46.9290164,50 - 99,protestant,male
BE44,1954,7.4489732,46.9290164,50 - 99,protestant,male
BE44,1965,7.4489732,46.9290164,50 - 99,interdenominational,male
BE45,1940,7.5627528,46.8746813,200 or more,interdenominational,mixed
BE45,1954,7.5627528,46.8746813,200 or more,interdenominational,mixed
BE45,1965,7.5627528,46.8746813,200 or more,interdenominational,mixed
BE46,1940,7.4474468,46.9479739,200 or more,interdenominational,mixed
BE46,1954,7.4474468,46.9479739,200 or more,interdenominational,mixed
BE46,1965,7.4474468,46.9479739,200 or more,interdenominational,mixed
BE47,1933,7.4783583,46.8101394,200 or more,interdenominational,mixed
BE47,1940,7.4783583,46.8101394,200 or more,interdenominational,mixed
BE47,1954,7.4783583,46.8101394,200 or more,interdenominational,mixed
BE47,1965,7.4783583,46.8101394,200 or more,interdenominational,mixed
BE48,1940,8.1909081,46.7251614,200 or more,interdenominational,mixed
BE48,1954,8.1909081,46.7251614,150 - 199,interdenominational,female
BE48,1965,8.1909081,46.7251614,200 or more,interdenominational,female
BE49,1933,7.499006,46.8914239,20 - 49,protestant,female
BE49,1940,7.499006,46.8914239,20 - 49,protestant,female
BE49,1954,7.499006,46.8914239,20 - 49,protestant,female
BE49,1965,7.499006,46.8914239,20 - 49,interdenominational,female
BE50,1933,7.4711496,46.9104003,200 or more,not specified,mixed
BE51,1965,7.6598349,47.2620667,50 - 99,protestant,male
BE52,1940,7.5627528,46.8746813,20 - 49,protestant,female
BE52,1954,7.5627528,46.8746813,20 - 49,interdenominational,female
BE52,1965,7.5627528,46.8746813,20 - 49,interdenominational,female
BE53,1940,7.4167206,46.925634,20 - 49,protestant,female
BE53,1954,7.4167206,46.925634,20 - 49,interdenominational,female
BE53,1965,7.4167206,46.925634,20 - 49,interdenominational,female
BE54,1965,7.4167206,46.925634,50 - 99,protestant,male
BE55,1965,7.6017869,47.133724,0 - 19,protestant,male
BE56,1933,7.5614952,46.9470299,200 or more,interdenominational,mixed
BE57,1933,7.6865903,47.0081826,not specified,not specified,mixed
BE58,1933,8.3415566,47.2735792,not specified,not specified,mixed
BE59,1933,7.2854921,46.4741066,not specified,not specified,mixed
BE60,1933,7.1461485,47.1959358,not specified,not specified,mixed
BE61,1965,7.416668,46.933331,20 - 49,protestant,female
BE62,1965,7.2372678,47.2420672,20 - 49,interdenominational,female
BE63,1965,7.5766428,46.9277768,20 - 49,interdenominational,male
BE64,1940,7.9642999,46.7115858,0 - 19,protestant,male
BE64,1954,7.9642999,46.7115858,0 - 19,protestant,male
BE64,1965,7.9642999,46.7115858,0 - 19,protestant,male
BE65,1965,7.0968065,47.0434885,50 - 99,protestant,male
BE65,1940,7.0968065,47.0434885,50 - 99,protestant,male
BE65,1954,7.0968065,47.0434885,50 - 99,protestant,male
BE66,1965,7.4711496,46.9104003,20 - 49,protestant,female
BE67,1965,7.3902924,46.940063,20 - 49,protestant,male
BE68,1965,7.373889,46.925556,20 - 49,protestant,male
BE69,1965,7.1478802,47.0218657,20 - 49,protestant,female
BE70,1965,7.5715542,46.9250164,50 - 99,protestant,female
BL01,1933,7.8558408,47.3950432,50 - 99,protestant,male
BL01,1940,7.8558408,47.3950432,0 - 19,not specified,male
BL01,1954,7.8558408,47.3950432,50 - 99,interdenominational,male
BL01,1965,7.8558408,47.3950432,20 - 49,interdenominational,male
BL03,1933,8.179928,47.2580272,20 - 49,interdenominational,male
BL03,1940,8.179928,47.2580272,50 - 99,interdenominational,male
BL03,1954,8.179928,47.2580272,50 - 99,interdenominational,male
BL03,1965,8.179928,47.2580272,50 - 99,interdenominational,male
BL04,1933,7.7334272,47.4866143,20 - 49,interdenominational,male
BL04,1940,7.7334272,47.4866143,100 - 149,interdenominational,not specified
BL04,1954,7.7334272,47.4866143,100 - 149,interdenominational,not specified
BL04,1965,7.7334272,47.4866143,100 - 149,interdenominational,male
BL05,1933,7.7334272,47.4866143,200 or more,interdenominational,mixed
BL06,1940,7.6192212,47.499576,0 - 19,interdenominational,mixed
BL06,1954,7.6192212,47.499576,0 - 19,interdenominational,mixed
BL06,1965,7.6192212,47.499576,20 - 49,interdenominational,mixed
BL06,1980,7.6192212,47.499576,20 - 49,interdenominational,mixed
BL07,1940,7.7334272,47.4866143,0 - 19,interdenominational,mixed
BL07,1954,7.7334272,47.4866143,0 - 19,interdenominational,mixed
BL07,1965,7.7334272,47.4866143,0 - 19,interdenominational,mixed
BL07,1980,7.7334272,47.4866143,0 - 19,interdenominational,mixed
BL08,1940,7.810661,47.4643945,0 - 19,interdenominational,mixed
BL08,1954,7.810661,47.4643945,0 - 19,interdenominational,mixed
BL08,1965,7.810661,47.4643945,0 - 19,interdenominational,mixed
BL08,1980,7.810661,47.4643945,0 - 19,interdenominational,mixed
BL09,1940,7.7469396,47.3815278,0 - 19,interdenominational,mixed
BL09,1954,7.7469396,47.3815278,0 - 19,interdenominational,mixed
BL09,1965,7.7469396,47.3815278,0 - 19,interdenominational,mixed
BL09,1980,7.7469396,47.3815278,0 - 19,interdenominational,mixed
BL10,1933,7.7593955,47.4729163,20 - 49,protestant,female
BL10,1940,7.7593955,47.4729163,20 - 49,protestant,female
BL10,1954,7.7593955,47.4729163,20 - 49,protestant,female
BL10,1965,7.7593955,47.4729163,20 - 49,protestant,female
BL11,1980,7.5709878,47.5378697,0 - 19,interdenominational,mixed
BL12,1980,8.179928,47.2580272,0 - 19,interdenominational,mixed
BL13,1980,7.6476369,47.5279292,0 - 19,interdenominational,mixed
BL14,1980,7.7360721,47.4489146,20 - 49,interdenominational,male
BL15,1965,7.6150661,47.5226485,20 - 49,interdenominational,male
BS01,1940,7.5885761,47.5595986,50 - 99,interdenominational,female
BS01,1954,7.5885761,47.5595986,50 - 99,interdenominational,female
BS01,1965,7.5885761,47.5595986,20 - 49,interdenominational,female
BS02,1933,7.5885761,47.5595986,20 - 49,interdenominational,male
BS02,1940,7.5885761,47.5595986,20 - 49,interdenominational,male
BS02,1954,7.5885761,47.5595986,50 - 99,interdenominational,male
BS02,1965,7.5885761,47.5595986,50 - 99,interdenominational,male
BS03,1933,7.5885761,47.5595986,50 - 99,catholic,female
BS03,1940,7.5885761,47.5595986,50 - 99,catholic,female
BS03,1954,7.5885761,47.5595986,50 - 99,catholic,female
BS03,1965,7.5885761,47.5595986,20 - 49,catholic,female
BS04,1933,7.5885761,47.5595986,not specified,interdenominational,mixed
BS04,1940,7.5885761,47.5595986,100 - 149,interdenominational,mixed
BS04,1954,7.5885761,47.5595986,100 - 149,interdenominational,mixed
BS04,1965,7.5885761,47.5595986,100 - 149,interdenominational,male
BS05,1940,7.6499111,47.5848274,50 - 99,interdenominational,mixed
BS05,1954,7.6499111,47.5848274,100 - 149,interdenominational,mixed
BS05,1965,7.6499111,47.5848274,50 - 99,interdenominational,mixed
BS06,1933,7.6499111,47.5848274,50 - 99,protestant,female
BS06,1940,7.6499111,47.5848274,50 - 99,protestant,female
BS07,1965,7.6499111,47.5848274,20 - 49,interdenominational,mixed
BS08,1933,7.5885761,47.5595986,200 or more,interdenominational,mixed
BS08,1940,7.5885761,47.5595986,200 or more,interdenominational,mixed
BS08,1954,7.5885761,47.5595986,200 or more,interdenominational,mixed
BS08,1965,7.5885761,47.5595986,200 or more,interdenominational,mixed
BS09,1940,7.5885761,47.5595986,100 - 149,interdenominational,mixed
BS09,1954,7.5885761,47.5595986,100 - 149,interdenominational,mixed
BS09,1965,7.5885761,47.5595986,100 - 149,interdenominational,mixed
BS09,1980,7.5885761,47.5595986,150 - 199,interdenominational,mixed
BS10,1933,7.5885761,47.5595986,20 - 49,protestant,female
BS11,1933,7.5885761,47.5595986,0 - 19,catholic,female
BS12,1933,7.5885761,47.5595986,100 - 149,interdenominational,mixed
BS12,1940,7.5885761,47.5595986,100 - 149,interdenominational,mixed
BS13,1933,7.5885761,47.5595986,20 - 49,protestant,mixed
BS14,1980,7.5885761,47.5595986,0 - 19,interdenominational,mixed
BS15,1965,7.5885761,47.5595986,20 - 49,catholic,female
BS16,1965,7.5885761,47.5595986,0 - 19,protestant,female
BS17,1965,7.5885761,47.5595986,0 - 19,interdenominational,female
FR01,1940,7.11292,46.96186,200 or more,interdenominational,mixed
FR01,1954,7.11292,46.96186,200 or more,interdenominational,mixed
FR01,1965,7.11292,46.96186,200 or more,interdenominational,mixed
FR01,1980,7.11292,46.96186,150 - 199,interdenominational,mixed
FR01a,1933,7.1128985,46.9618756,50 - 99,catholic,male
FR01b,1933,7.1128985,46.9618756,50 - 99,interdenominational,mixed
FR01c,1933,7.11292,46.96186,100 - 149,interdenominational,male
FR01d,1933,7.11292,46.96186,not specified,interdenominational,female
FR02,1940,7.0644164,46.6558757,200 or more,interdenominational,mixed
FR02,1954,7.0644164,46.6558757,200 or more,interdenominational,mixed
FR02,1965,7.0644164,46.6558757,200 or more,interdenominational,mixed
FR03,1965,6.8444462,46.8334425,20 - 49,catholic,female
FR03,1940,6.8444462,46.8334425,20 - 49,catholic,female
FR03,1954,6.8444462,46.8334425,20 - 49,catholic,female
FR04,1940,7.1750398,46.8134777,not specified,catholic,female
FR04,1954,7.1750398,46.8134777,not specified,catholic,female
FR04,1965,7.1750398,46.8134777,50 - 99,catholic,female
FR05,1933,7.177316,46.8137482,50 - 99,catholic,female
FR05,1940,7.1750398,46.8134777,20 - 49,catholic,female
FR06,1933,6.866673,46.816673,50 - 99,catholic,male
FR06,1940,6.866673,46.816673,50 - 99,not specified,male
FR07,1933,6.89651,46.67059,100 - 149,catholic,mixed
FR07,1940,6.89651,46.67059,100 - 149,catholic,male
FR07,1954,6.89651,46.67059,not specified,catholic,male
FR07,1965,6.89651,46.67059,not specified,catholic,not specified
FR08,1933,7.1619719,46.8064773,20 - 49,catholic,male
FR09,1940,7.1909434,46.7315883,50 - 99,catholic,female
FR09,1965,7.1777862,46.7475846,20 - 49,interdenominational,female
FR10,1940,7.1619719,46.8064773,20 - 49,interdenominational,mixed
FR10,1954,7.1619719,46.8064773,20 - 49,interdenominational,mixed
FR10,1965,7.1619719,46.8064773,20 - 49,interdenominational,mixed
FR10,1980,7.1619719,46.8064773,50 - 99,interdenominational,mixed
FR11,1940,7.0577268,46.6154512,0 - 19,interdenominational,mixed
FR11,1954,7.0577268,46.6154512,0 - 19,interdenominational,mixed
FR11,1965,7.0577268,46.6154512,0 - 19,interdenominational,mixed
FR11,1980,7.0577268,46.6154512,0 - 19,interdenominational,mixed
FR12,1940,6.9010895,46.5269159,0 - 19,interdenominational,mixed
FR12,1954,6.9010895,46.5269159,0 - 19,interdenominational,mixed
FR12,1965,6.9010895,46.5269159,0 - 19,interdenominational,mixed
FR12,1980,6.9010895,46.5269159,0 - 19,interdenominational,mixed
FR13,1940,6.8450608,46.8496401,0 - 19,interdenominational,mixed
FR13,1954,6.8450608,46.8496401,0 - 19,interdenominational,mixed
FR13,1965,6.8450608,46.8496401,0 - 19,interdenominational,mixed
FR13,1980,6.8450608,46.8496401,0 - 19,interdenominational,mixed
FR14,1940,7.120184,46.9292211,0 - 19,interdenominational,mixed
FR14,1954,7.120184,46.9292211,0 - 19,interdenominational,mixed
FR14,1965,7.120184,46.9292211,0 - 19,interdenominational,mixed
FR14,1980,7.120184,46.9292211,0 - 19,interdenominational,mixed
FR15,1940,6.9118086,46.691887,0 - 19,interdenominational,mixed
FR15,1954,6.9118086,46.691887,0 - 19,interdenominational,mixed
FR15,1965,6.9118086,46.691887,0 - 19,interdenominational,mixed
FR15,1980,6.9118086,46.691887,0 - 19,interdenominational,mixed
FR16,1940,7.21575,46.815327,0 - 19,interdenominational,mixed
FR16,1954,7.21575,46.815327,0 - 19,interdenominational,mixed
FR16,1965,7.21575,46.815327,0 - 19,interdenominational,mixed
FR16,1980,7.21575,46.815327,0 - 19,interdenominational,mixed
GE01,1933,6.1431577,46.2043907,200 or more,interdenominational,mixed
GE01,1940,6.1431577,46.2043907,200 or more,interdenominational,mixed
GE01,1954,6.1431577,46.2043907,200 or more,interdenominational,mixed
GE01,1965,6.1431577,46.2043907,200 or more,interdenominational,mixed
GE02,1933,6.1431577,46.2043907,20 - 49,protestant,female
GE02,1940,6.1431577,46.2043907,20 - 49,protestant,female
GE03,1933,6.1431577,46.2043907,20 - 49,interdenominational,male
GE04,1933,6.1431577,46.2043907,20 - 49,interdenominational,female
GE05,1940,6.1431577,46.2043907,100 - 149,interdenominational,mixed
GE05,1954,6.1431577,46.2043907,100 - 149,interdenominational,mixed
GE05,1965,6.1431577,46.2043907,100 - 149,interdenominational,mixed
GE06,1965,6.1471443,46.2557621,0 - 19,interdenominational,not specified
GE06,1980,6.1249673,46.2202326,20 - 49,interdenominational,male
GE07,1940,6.02768,46.22257,20 - 49,not specified,male
GE07,1954,6.02768,46.22257,50 - 99,protestant,not specified
GE07,1965,6.1002345,46.183541,50 - 99,interdenominational,male
GE08,1980,6.1431577,46.2043907,0 - 19,interdenominational,male
GE09,1980,6.202767,46.1928374,0 - 19,interdenominational,male
GE10,1980,6.1144546,46.1885168,0 - 19,interdenominational,female
GE11,1980,6.1431577,46.2043907,0 - 19,interdenominational,male
GE12,1980,6.202767,46.1928374,200 or more,interdenominational,mixed
GE13,1933,6.1431577,46.2043907,0 - 19,protestant,female
GE14,1965,6.1052686,46.2122638,0 - 19,interdenominational,not specified
GE15,1965,6.1052686,46.2122638,0 - 19,interdenominational,male
GL01,1940,9.0679,47.0411232,not specified,interdenominational,mixed
GL01,1954,9.0679,47.0411232,not specified,interdenominational,mixed
GL01,1965,9.0679,47.0411232,0 - 19,interdenominational,mixed
GL01,1980,9.0679,47.0411232,0 - 19,interdenominational,mixed
GR01,1954,9.4296829,46.732397,50 - 99,interdenominational,not specified
GR01a,1980,9.4301515,46.7207797,100 - 149,interdenominational,male
GR01a,1965,9.4301515,46.7207797,100 - 149,interdenominational,male
GR01a,1933,9.4301515,46.7207797,50 - 99,interdenominational,mixed
GR01a,1940,9.4301515,46.7207797,100 - 149,interdenominational,mixed
GR01b,1965,9.4301515,46.7207797,200 or more,interdenominational,mixed
GR01b,1933,9.4301515,46.7207797,200 or more,interdenominational,mixed
GR01b,1940,9.4301515,46.7207797,200 or more,interdenominational,mixed
GR01ba,1933,9.4301515,46.7207797,not specified,interdenominational,mixed
GR01bb,1933,9.4301515,46.7207797,50 - 99,interdenominational,mixed
GR03,1940,9.5319859,46.8507835,20 - 49,interdenominational,mixed
GR03,1954,9.5319859,46.8507835,20 - 49,interdenominational,mixed
GR03,1965,9.5319859,46.8507835,20 - 49,interdenominational,mixed
GR03,1980,9.5319859,46.8507835,20 - 49,interdenominational,male
GR04,1933,9.530813,47.00571,50 - 99,protestant,mixed
GR04,1940,9.5626299,46.9681937,50 - 99,not specified,mixed
GR05,1933,9.5319859,46.8507835,200 or more,interdenominational,mixed
JU01,1980,7.3451555,47.365837,0 - 19,interdenominational,mixed
JU02,1980,7.0479025,47.4206036,0 - 19,interdenominational,mixed
JU03,1980,6.9964022,47.2561774,0 - 19,interdenominational,mixed
LU01,1940,8.275637,47.0772338,100 - 149,interdenominational,mixed
LU01,1954,8.275637,47.0772338,100 - 149,interdenominational,male
LU01,1965,8.275637,47.0772338,100 - 149,interdenominational,male
LU01,1933,8.3407402,47.0813181,100 - 149,interdenominational,mixed
LU01a,1933,8.3407402,47.0813181,20 - 49,interdenominational,female
LU02,1940,8.0237036,47.1862897,50 - 99,interdenominational,mixed
LU02,1954,8.0237036,47.1862897,50 - 99,interdenominational,male
LU02,1965,8.0071833,47.1847143,50 - 99,interdenominational,male
LU02,1980,8.0071833,47.1847143,50 - 99,interdenominational,male
LU03,1940,8.3045281,47.0740329,150 - 199,catholic,mixed
LU03,1954,8.3045281,47.0740329,150 - 199,catholic,mixed
LU03,1965,8.275637,47.0772338,150 - 199,catholic,mixed
LU04,1933,8.0718749,47.1995882,50 - 99,catholic,male
LU04,1940,8.0718749,47.1995882,100 - 149,catholic,male
LU04,1954,8.0718749,47.1995882,100 - 149,catholic,male
LU04,1965,8.094528,47.2138484,100 - 149,catholic,male
LU05,1933,7.8961115,47.2268257,200 or more,catholic,mixed
LU05,1940,7.8961115,47.2268257,200 or more,interdenominational,mixed
LU05,1954,7.838018,47.2324864,200 or more,interdenominational,mixed
LU05,1965,7.838018,47.2324864,200 or more,interdenominational,mixed
LU06,1933,8.3093072,47.0501682,20 - 49,catholic,female
LU07,1933,8.0163553,46.9519892,200 or more,catholic,mixed
LU08,1965,8.3724158,47.0458287,0 - 19,interdenominational,female
LU09,1940,8.3093072,47.0501682,50 - 99,interdenominational,mixed
LU09,1954,8.3093072,47.0501682,50 - 99,interdenominational,mixed
LU09,1965,8.3093072,47.0501682,50 - 99,interdenominational,mixed
LU09,1980,7.9241382,47.1364556,20 - 49,interdenominational,mixed
LU10,1940,8.2920671,47.1665813,0 - 19,interdenominational,mixed
LU10,1954,8.2920671,47.1665813,0 - 19,interdenominational,mixed
LU10,1965,8.2920671,47.1665813,0 - 19,interdenominational,mixed
LU10,1980,8.2920671,47.1665813,0 - 19,interdenominational,mixed
LU11,1940,8.0163553,46.9519892,0 - 19,interdenominational,mixed
LU11,1954,8.0163553,46.9519892,0 - 19,interdenominational,mixed
LU11,1965,8.0163553,46.9519892,0 - 19,interdenominational,mixed
LU11,1980,8.0163553,46.9519892,0 - 19,interdenominational,mixed
LU12,1940,8.1111312,47.1714819,0 - 19,interdenominational,mixed
LU12,1954,8.1111312,47.1714819,0 - 19,interdenominational,mixed
LU12,1965,8.1111312,47.1714819,0 - 19,interdenominational,mixed
LU12,1980,8.1111312,47.1714819,0 - 19,interdenominational,mixed
LU13,1940,7.9925886,47.1211466,not specified,interdenominational,mixed
LU13,1954,7.9925886,47.1211466,not specified,interdenominational,mixed
LU13,1965,7.9925886,47.1211466,0 - 19,interdenominational,mixed
LU13,1980,7.9925886,47.1211466,0 - 19,interdenominational,mixed
LU14,1933,7.9669609,47.2022847,not specified,not specified,mixed
LU15,1933,7.9983786,47.1428147,not specified,not specified,mixed
LU16,1933,8.0943572,47.1144651,not specified,not specified,mixed
LU17,1933,7.9893353,47.2128386,not specified,not specified,mixed
LU18,1933,8.275637,47.0772338,not specified,not specified,mixed
LU19,1933,8.0191817,47.1501373,not specified,not specified,mixed
LU20,1933,8.265497,47.2148578,not specified,not specified,mixed
LU21,1933,8.0477719,47.1338759,not specified,not specified,mixed
LU22,1933,8.17818,47.2115842,not specified,not specified,mixed
LU23,1933,7.9575943,47.0853068,not specified,not specified,mixed
LU24,1933,8.2920671,47.1665813,not specified,not specified,mixed
LU25,1933,8.3177,47.18086,not specified,not specified,mixed
LU26,1933,8.3079399,47.0184461,not specified,not specified,mixed
LU27,1933,8.3506794,47.1223061,not specified,not specified,mixed
LU28,1933,8.286916,47.2167178,not specified,not specified,mixed
LU29,1933,8.2772552,47.0341978,not specified,not specified,mixed
LU30,1933,8.2648094,47.0507712,not specified,not specified,mixed
LU31,1933,7.9159924,47.0591501,not specified,not specified,mixed
LU32,1933,8.1838992,47.0369701,not specified,not specified,mixed
LU33,1933,8.3724158,47.0458287,not specified,not specified,mixed
LU34,1933,8.0388779,47.0831969,not specified,not specified,mixed
LU35,1933,8.1916446,47.2064459,not specified,not specified,mixed
LU36,1933,8.2090818,47.1768919,not specified,not specified,mixed
LU37,1933,8.2027053,47.1008169,not specified,not specified,mixed
LU38,1933,8.1359149,47.1358124,not specified,not specified,mixed
LU39,1933,8.1156346,47.1599235,not specified,not specified,mixed
LU40,1933,7.8961115,47.2268257,not specified,not specified,mixed
LU41,1933,7.9713408,47.2472798,not specified,not specified,mixed
LU42,1933,8.2446583,47.1697587,not specified,not specified,mixed
LU43,1933,8.2716874,47.0936155,not specified,not specified,mixed
LU44,1933,8.1262881,47.0840593,not specified,not specified,mixed
LU45,1933,7.9892294,47.1707206,not specified,not specified,mixed
LU46,1933,8.0163553,46.9519892,not specified,not specified,mixed
LU47,1933,8.1933634,47.1341481,not specified,not specified,mixed
LU48,1933,8.1111312,47.1714819,not specified,not specified,mixed
LU49,1933,7.8939976,47.1170905,not specified,not specified,mixed
LU50,1933,8.425278,47.0338792,not specified,not specified,mixed
LU51,1933,7.9925886,47.1211466,not specified,not specified,mixed
LU52,1933,8.0731633,47.0586361,not specified,not specified,mixed
LU53,1933,7.9276622,47.1365613,not specified,not specified,mixed
NE01,1933,6.76329,46.90615,50 - 99,protestant,male
NE01,1940,6.7705679,46.8929533,50 - 99,not specified,not specified
NE01,1954,6.7705679,46.8929533,50 - 99,interdenominational,not specified
NE01,1965,6.7705679,46.8929533,20 - 49,interdenominational,male
NE02,1933,6.8478409,46.9542921,20 - 49,protestant,male
NE02,1940,6.8478409,46.9542921,20 - 49,protestant,male
NE02,1954,6.8478409,46.9542921,20 - 49,interdenominational,male
NE02,1965,6.8478409,46.9542921,20 - 49,interdenominational,male
NE03,1933,7.0015896,47.0091808,20 - 49,not specified,female
NE03,1940,7.0005596,47.0092921,20 - 49,not specified,female
NE03,1954,7.0005596,47.0092921,20 - 49,interdenominational,female
NE03,1965,7.0005596,47.0092921,20 - 49,interdenominational,female
NE04,1940,6.8327838,47.1034892,20 - 49,interdenominational,mixed
NE04,1954,6.8327838,47.1034892,20 - 49,interdenominational,mixed
NE04,1965,6.8327838,47.1034892,20 - 49,interdenominational,mixed
NE04,1980,6.8327838,47.1034892,50 - 99,interdenominational,mixed
NE05,1940,6.9292732,46.9899874,20 - 49,interdenominational,mixed
NE05,1954,6.9292732,46.9899874,20 - 49,interdenominational,mixed
NE05,1965,6.9292732,46.9899874,20 - 49,interdenominational,mixed
NE05,1980,6.9292732,46.9899874,20 - 49,interdenominational,mixed
NE06,1940,6.8478409,46.9542921,0 - 19,interdenominational,mixed
NE06,1954,6.8478409,46.9542921,0 - 19,interdenominational,mixed
NE06,1965,6.8478409,46.9542921,0 - 19,interdenominational,mixed
NE07,1940,6.9006774,47.0589492,0 - 19,interdenominational,mixed
NE07,1954,6.9006774,47.0589492,0 - 19,interdenominational,mixed
NE07,1965,6.9006774,47.0589492,0 - 19,interdenominational,mixed
NE08,1940,6.7487354,47.0577195,0 - 19,interdenominational,mixed
NE08,1954,6.7487354,47.0577195,0 - 19,interdenominational,mixed
NE08,1965,6.7487354,47.0577195,0 - 19,interdenominational,mixed
NE09,1940,6.6113106,46.9111044,0 - 19,interdenominational,mixed
NE09,1954,6.6113106,46.9111044,0 - 19,interdenominational,mixed
NE09,1965,6.6113106,46.9111044,0 - 19,interdenominational,mixed
NW01,1933,7.9575943,47.0853068,20 - 49,catholic,female
NW01,1940,7.9575943,47.0853068,20 - 49,catholic,female
NW02,1933,7.9575943,47.0853068,20 - 49,catholic,female
NW03,1965,8.3659672,46.9571926,0 - 19,interdenominational,mixed
NW03,1980,8.3659672,46.9571926,0 - 19,interdenominational,mixed
NW04,1980,8.3659672,46.9571926,0 - 19,interdenominational,mixed
NW05,1933,8.4657007,46.9704961,not specified,not specified,mixed
NW06,1933,8.420352,46.9735985,not specified,not specified,mixed
NW07,1933,8.5134155,46.9567523,not specified,not specified,mixed
NW08,1933,7.9575943,47.0853068,not specified,not specified,mixed
NW09,1933,8.3659672,46.9571926,not specified,not specified,mixed
NW10,1933,8.3959084,46.9081639,not specified,not specified,mixed
OW01,1933,8.2456758,46.8959313,20 - 49,catholic,male
OW01,1940,8.2456758,46.8959313,20 - 49,catholic,male
OW02,1940,8.2456758,46.8959313,20 - 49,interdenominational,mixed
OW02,1954,8.2456758,46.8959313,20 - 49,interdenominational,mixed
OW02,1965,8.2456758,46.8959313,0 - 19,interdenominational,mixed
OW02,1980,8.2456758,46.8959313,0 - 19,interdenominational,mixed
OW03,1933,8.4069918,46.8200266,not specified,not specified,mixed
SG01,1933,9.0399285,47.3626894,50 - 99,interdenominational,mixed
SG01,1940,9.0399285,47.3626894,50 - 99,interdenominational,mixed
SG01,1954,9.0399285,47.3626894,50 - 99,interdenominational,male
SG01,1965,9.0399285,47.3626894,50 - 99,interdenominational,male
SG01,1980,9.0399285,47.3626894,20 - 49,interdenominational,male
SG02,1933,9.4522869,47.4867194,20 - 49,catholic,male
SG02,1940,9.4522869,47.4867194,20 - 49,not specified,male
SG02,1954,9.4522869,47.4867194,20 - 49,interdenominational,male
SG02,1965,9.4522869,47.4867194,50 - 99,interdenominational,male
SG03,1940,9.5469133,47.3774633,150 - 199,catholic,female
SG03,1954,9.5469133,47.3774633,50 - 99,catholic,female
SG03,1965,9.5469133,47.3774633,100 - 149,catholic,female
SG03a,1933,9.5469133,47.3774633,200 or more,catholic,female
SG03b,1933,9.5469133,47.3774633,50 - 99,catholic,female
SG04,1940,9.1606904,47.4515981,50 - 99,catholic,male
SG04,1954,9.1606904,47.4515981,20 - 49,catholic,male
SG04,1965,9.1606904,47.4515981,50 - 99,catholic,male
SG05,1933,9.1232808,47.4298412,50 - 99,interdenominational,male
SG05,1940,9.1232808,47.4298412,50 - 99,interdenominational,male
SG05,1954,9.1232808,47.4298412,50 - 99,interdenominational,mixed
SG05,1965,9.1232808,47.4298412,50 - 99,interdenominational,male
SG06,1933,9.4809974,47.2263701,50 - 99,interdenominational,male
SG06,1940,9.5010767,47.237082,100 - 149,interdenominational,male
SG06,1954,9.5010767,47.237082,100 - 149,interdenominational,male
SG06,1965,9.5010767,47.237082,100 - 149,interdenominational,male
SG06,1980,9.5010767,47.237082,100 - 149,interdenominational,male
SG07,1940,9.3767173,47.4244818,100 - 149,interdenominational,mixed
SG07,1954,9.3767173,47.4244818,100 - 149,interdenominational,not specified
SG08,1940,9.0813971,47.394966,150 - 199,catholic,mixed
SG08,1933,9.0813971,47.394966,100 - 149,catholic,mixed
SG09,1940,9.3767173,47.4244818,50 - 99,protestant,female
SG09,1954,9.3767173,47.4244818,20 - 49,protestant,female
SG09,1965,9.3767173,47.4244818,20 - 49,protestant,female
SG10,1933,9.3767173,47.4244818,20 - 49,catholic,female
SG10,1940,9.3767173,47.4244818,20 - 49,catholic,female
SG10,1954,9.3767173,47.4244818,20 - 49,catholic,female
SG10,1965,9.3767173,47.4244818,20 - 49,catholic,female
SG11,1933,9.3400016,47.4096991,20 - 49,protestant,female
SG11,1940,9.3400016,47.4096991,20 - 49,protestant,female
SG12,1933,9.3767173,47.4244818,50 - 99,protestant,female
SG14,1940,9.0479097,47.4635617,200 or more,interdenominational,mixed
SG14,1954,9.0479097,47.4635617,200 or more,interdenominational,mixed
SG14,1965,9.0479097,47.4635617,200 or more,interdenominational,mixed
SG15,1933,9.5031939,46.990488,200 or more,interdenominational,mixed
SG15,1940,9.5031939,46.990488,200 or more,interdenominational,mixed
SG15,1954,9.5031939,46.990488,200 or more,interdenominational,mixed
SG15,1965,9.5031939,46.990488,200 or more,interdenominational,mixed
SG16,1933,9.3767173,47.4244818,20 - 49,not specified,male
SG16,1940,9.3767173,47.4244818,20 - 49,not specified,male
SG17,1940,9.5469133,47.3774633,0 - 19,interdenominational,mixed
SG17,1954,9.5469133,47.3774633,0 - 19,interdenominational,mixed
SG17,1965,9.5469133,47.3774633,0 - 19,interdenominational,mixed
SG17,1980,9.5469133,47.3774633,0 - 19,interdenominational,mixed
SG18,1940,9.0685947,47.4126975,0 - 19,interdenominational,mixed
SG18,1954,9.0685947,47.4126975,0 - 19,interdenominational,mixed
SG18,1965,9.0685947,47.4126975,0 - 19,interdenominational,mixed
SG18,1980,9.0685947,47.4126975,0 - 19,interdenominational,mixed
SG19,1940,9.0051169,47.1984261,0 - 19,interdenominational,mixed
SG19,1954,9.0051169,47.1984261,0 - 19,interdenominational,mixed
SG19,1965,9.0051169,47.1984261,0 - 19,interdenominational,mixed
SG19,1980,9.0051169,47.1984261,0 - 19,interdenominational,mixed
SG20,1940,8.0798273,47.3910649,0 - 19,interdenominational,mixed
SG20,1954,8.0798273,47.3910649,0 - 19,interdenominational,mixed
SG20,1965,8.0798273,47.3910649,0 - 19,interdenominational,mixed
SG20,1980,8.0798273,47.3910649,0 - 19,interdenominational,mixed
SG21,1940,9.1870297,47.4133707,0 - 19,interdenominational,mixed
SG21,1954,9.1870297,47.4133707,0 - 19,interdenominational,mixed
SG21,1965,9.1870297,47.4133707,0 - 19,interdenominational,mixed
SG21,1980,9.1870297,47.4133707,0 - 19,interdenominational,mixed
SG22,1940,9.3425546,47.0916461,0 - 19,interdenominational,mixed
SG22,1954,9.3425546,47.0916461,0 - 19,interdenominational,mixed
SG22,1965,9.3425546,47.0916461,0 - 19,interdenominational,mixed
SG22,1980,9.3425546,47.0916461,0 - 19,interdenominational,mixed
SG23,1940,9.248852,47.4155608,0 - 19,interdenominational,mixed
SG23,1954,9.248852,47.4155608,0 - 19,interdenominational,mixed
SG23,1965,9.248852,47.4155608,0 - 19,interdenominational,mixed
SG23,1980,9.248852,47.4155608,0 - 19,interdenominational,mixed
SG24,1940,9.0876844,47.3239036,0 - 19,interdenominational,mixed
SG24,1954,9.0876844,47.3239036,0 - 19,interdenominational,mixed
SG24,1965,9.0876844,47.3239036,0 - 19,interdenominational,mixed
SG24,1980,9.0876844,47.3239036,0 - 19,interdenominational,mixed
SG25,1940,9.2,47.216667,0 - 19,interdenominational,mixed
SG25,1954,9.2,47.216667,0 - 19,interdenominational,mixed
SG25,1965,9.2,47.216667,0 - 19,interdenominational,mixed
SG25,1980,9.2,47.216667,0 - 19,interdenominational,mixed
SG26,1940,9.585971,47.4670483,0 - 19,interdenominational,mixed
SG26,1954,9.585971,47.4670483,0 - 19,interdenominational,mixed
SG26,1965,9.585971,47.4670483,0 - 19,interdenominational,mixed
SG27,1940,9.4916808,47.4788825,0 - 19,interdenominational,mixed
SG27,1954,9.4916808,47.4788825,0 - 19,interdenominational,mixed
SG27,1965,9.4916808,47.4788825,0 - 19,interdenominational,mixed
SG27,1980,9.4916808,47.4788825,0 - 19,interdenominational,mixed
SG28,1940,9.3767173,47.4244818,20 - 49,interdenominational,mixed
SG28,1954,9.3767173,47.4244818,20 - 49,interdenominational,mixed
SG28,1965,9.3767173,47.4244818,20 - 49,interdenominational,mixed
SG28,1980,9.3767173,47.4244818,not specified,interdenominational,mixed
SG29,1940,8.9841417,47.2243722,0 - 19,interdenominational,mixed
SG29,1954,8.9841417,47.2243722,0 - 19,interdenominational,mixed
SG29,1965,8.9841417,47.2243722,0 - 19,interdenominational,mixed
SG29,1980,8.9841417,47.2243722,not specified,interdenominational,mixed
SG30,1980,9.6375563,47.4055145,0 - 19,interdenominational,mixed
SG31,1940,9.0479097,47.4635617,0 - 19,interdenominational,mixed
SG31,1954,9.0479097,47.4635617,0 - 19,interdenominational,mixed
SG31,1965,9.0479097,47.4635617,0 - 19,interdenominational,mixed
SG31,1980,9.0479097,47.4635617,0 - 19,interdenominational,mixed
SG32,1940,9.3767173,47.4244818,0 - 19,interdenominational,mixed
SG32,1954,9.3767173,47.4244818,0 - 19,interdenominational,mixed
SG32,1965,9.3767173,47.4244818,0 - 19,interdenominational,mixed
SG33,1933,9.3767173,47.4244818,not specified,not specified,female
SG34,1933,9.3082874,47.1972495,not specified,not specified,mixed
SG35,1933,9.5469133,47.3774633,not specified,not specified,mixed
SG36,1933,9.1401481,47.1491923,not specified,not specified,mixed
SG37,1933,9.2708089,47.4392496,not specified,not specified,mixed
SG38,1933,9.0051169,47.1984261,not specified,not specified,mixed
SG39,1933,8.390457,47.3934257,not specified,not specified,mixed
SG40,1933,9.6135168,47.4255058,not specified,not specified,mixed
SG41,1933,9.0352242,47.4782696,not specified,not specified,mixed
SG42,1933,8.0798273,47.3910649,not specified,not specified,mixed
SG43,1933,9.0735291,47.3625195,not specified,not specified,mixed
SG44,1933,9.200308,47.3738511,not specified,not specified,mixed
SG45,1933,9.6547802,47.385988,not specified,not specified,mixed
SG46,1933,9.1235471,47.265485,not specified,not specified,mixed
SG47,1933,9.4719247,47.4426685,not specified,not specified,mixed
SG48,1933,9.5319606,47.3428013,not specified,not specified,mixed
SG49,1933,8.9220805,47.2406093,not specified,not specified,mixed
SG50,1933,9.3425546,47.0916461,not specified,not specified,mixed
SG51,1933,9.4413218,47.2039131,not specified,not specified,mixed
SG52,1933,8.9663634,47.2629383,not specified,not specified,mixed
SG53,1933,9.0220567,47.2351911,not specified,not specified,mixed
SG54,1933,9.248852,47.4155608,not specified,not specified,mixed
SG55,1933,9.4440433,47.1825657,not specified,not specified,mixed
SG56,1933,9.1760617,47.3004487,not specified,not specified,mixed
SG57,1933,9.116971,47.45423,not specified,not specified,mixed
SG58,1933,8.8327118,47.2223076,not specified,not specified,mixed
SG59,1933,9.0250732,47.2133136,not specified,not specified,mixed
SG60,1933,9.1235471,47.265485,not specified,not specified,mixed
SG61,1933,9.0401819,47.4113533,not specified,not specified,mixed
SG62,1933,9.1988648,47.2262651,not specified,not specified,mixed
SG63,1933,9.568968,47.392076,not specified,not specified,mixed
SG64,1933,9.4224018,47.0478375,not specified,not specified,mixed
SG65,1933,9.1341197,47.3625957,not specified,not specified,mixed
SG66,1933,9.4238877,47.4683334,not specified,not specified,mixed
SG67,1933,9.0399285,47.3626894,not specified,not specified,mixed
SG68,1933,9.32501,47.52143,not specified,not specified,mixed
SG69,1933,9.2,47.216667,not specified,not specified,mixed
SG70,1933,9.1606904,47.4515981,not specified,not specified,mixed
SG71,1933,9.1129175,47.3540918,not specified,not specified,mixed
SG72,1933,9.5644269,47.3199075,not specified,not specified,mixed
SG73,1933,9.1232808,47.4298412,not specified,not specified,mixed
SG74,1933,9.5011062,47.0034141,not specified,not specified,mixed
SG75,1933,8.8184374,47.2266239,not specified,not specified,mixed
SG76,1933,9.58271,47.3977266,not specified,not specified,mixed
SG77,1933,9.585971,47.4670483,not specified,not specified,mixed
SG78,1933,9.4869146,47.4688795,not specified,not specified,mixed
SG79,1933,9.5376332,47.2936044,not specified,not specified,mixed
SG80,1933,9.0459705,47.1604116,not specified,not specified,mixed
SG81,1933,9.5042435,47.2612316,not specified,not specified,mixed
SG82,1933,9.486948,47.1218764,not specified,not specified,mixed
SG83,1933,9.3767173,47.4244818,not specified,not specified,mixed
SG84,1933,8.9664312,47.2447103,not specified,not specified,mixed
SG85,1933,9.6376089,47.4496088,not specified,not specified,mixed
SG86,1933,9.1746211,47.3176632,not specified,not specified,mixed
SG87,1933,9.44208,47.50321,not specified,not specified,mixed
SG88,1933,8.1035688,47.438287,not specified,not specified,mixed
SG89,1933,8.9841417,47.2243722,not specified,not specified,mixed
SG90,1933,9.4484028,47.0299988,not specified,not specified,mixed
SG91,1933,9.2848801,47.4684527,not specified,not specified,mixed
SG92,1933,9.31603,47.12398,not specified,not specified,mixed
SG93,1933,9.47739,47.09181,not specified,not specified,mixed
SG94,1933,9.0880638,47.3031293,not specified,not specified,mixed
SG95,1933,9.6375563,47.4055145,not specified,not specified,mixed
SG96,1933,9.0479097,47.4635617,not specified,not specified,mixed
SG97,1933,9.3899899,47.4598793,not specified,not specified,mixed
SG98,1933,9.111498,47.4750195,not specified,not specified,mixed
SG99,1933,9.1867441,47.4759334,not specified,not specified,mixed
SH01,1980,8.6380489,47.6958897,20 - 49,interdenominational,mixed
SH01,1940,8.6380489,47.6958897,50 - 99,interdenominational,mixed
SH01,1954,8.6380489,47.6958897,50 - 99,interdenominational,mixed
SH01,1965,8.6380489,47.6958897,20 - 49,interdenominational,mixed
SH02,1965,8.8134331,47.704271,20 - 49,protestant,male
SH03,1965,8.6380489,47.6958897,0 - 19,protestant,female
SH04,1933,8.6586546,47.7840728,not specified,not specified,mixed
SH05,1933,8.536764,47.7667072,not specified,not specified,mixed
SH06,1933,8.5736822,47.6979625,not specified,not specified,mixed
SH07,1933,8.5627138,47.5732503,not specified,not specified,mixed
SH08,1933,8.0798273,47.3910649,not specified,not specified,mixed
SH09,1933,8.6532631,47.7569931,not specified,not specified,mixed
SH10,1933,8.6968955,47.7065474,not specified,not specified,mixed
SH11,1933,8.4981479,47.7027587,not specified,not specified,mixed
SH12,1933,8.5570314,47.6858104,not specified,not specified,mixed
SH13,1933,8.5871553,47.7334559,not specified,not specified,mixed
SH14,1933,8.662806,47.725028,not specified,not specified,mixed
SH15,1933,8.6706968,47.7564818,not specified,not specified,mixed
SH16,1933,8.55296,47.7003,not specified,not specified,mixed
SH17,1933,8.6094638,47.7606448,not specified,not specified,mixed
SH18,1933,8.6126098,47.6837423,not specified,not specified,mixed
SH19,1933,8.5004357,47.6895225,not specified,not specified,mixed
SH20,1933,8.4772173,47.7056562,not specified,not specified,mixed
SH21,1933,8.6380489,47.6958897,not specified,not specified,mixed
SH22,1933,8.4868,47.75009,not specified,not specified,mixed
SH23,1933,8.8579556,47.6558193,not specified,not specified,mixed
SH24,1933,8.7106201,47.7476886,not specified,not specified,mixed
SH25,1933,8.4772173,47.7056562,not specified,not specified,mixed
SH26,1933,8.46977,47.66738,not specified,not specified,mixed
SO01,1940,7.62088,47.21378,100 - 149,interdenominational,mixed
SO01,1954,7.62088,47.21378,50 - 99,interdenominational,mixed
SO01,1965,7.62088,47.21378,50 - 99,interdenominational,male
SO01,1933,7.62088,47.21378,50 - 99,interdenominational,mixed
SO01a,1933,7.62088,47.21378,20 - 49,interdenominational,female
SO01b,1933,7.4683316,47.2630468,20 - 49,interdenominational,male
SO02,1940,7.532291,47.2088348,50 - 99,interdenominational,male
SO02,1954,7.532291,47.2088348,50 - 99,interdenominational,male
SO02,1965,7.532291,47.2088348,50 - 99,interdenominational,male
SO02,1980,7.532291,47.2088348,50 - 99,interdenominational,male
SO03,1933,7.532291,47.2088348,20 - 49,catholic,female
SO03,1940,7.532291,47.2088348,20 - 49,catholic,female
SO03,1954,7.532291,47.2088348,20 - 49,catholic,female
SO03,1965,7.532291,47.2088348,20 - 49,catholic,female
SO04,1940,7.6883283,47.3095856,0 - 19,interdenominational,mixed
SO04,1954,7.6883283,47.3095856,0 - 19,interdenominational,mixed
SO04,1965,7.6883283,47.3095856,0 - 19,interdenominational,mixed
SO04,1980,7.6883283,47.3095856,0 - 19,interdenominational,mixed
SO05,1940,7.5438767,47.4078254,0 - 19,interdenominational,mixed
SO05,1954,7.5438767,47.4078254,0 - 19,interdenominational,mixed
SO05,1965,7.5438767,47.4078254,0 - 19,interdenominational,mixed
SO05,1980,7.5438767,47.4078254,0 - 19,interdenominational,mixed
SO06,1940,7.6170412,47.4790491,0 - 19,interdenominational,mixed
SO06,1954,7.6170412,47.4790491,0 - 19,interdenominational,mixed
SO06,1965,7.6170412,47.4790491,0 - 19,interdenominational,mixed
SO06,1980,7.6170412,47.4790491,0 - 19,interdenominational,mixed
SO07,1940,7.9037034,47.3499624,0 - 19,interdenominational,mixed
SO07,1954,7.9037034,47.3499624,0 - 19,interdenominational,mixed
SO07,1965,7.9037034,47.3499624,20 - 49,interdenominational,mixed
SO07,1980,7.9037034,47.3499624,20 - 49,interdenominational,mixed
SO08,1980,7.532291,47.2088348,50 - 99,interdenominational,mixed
SO08,1940,7.532291,47.2088348,20 - 49,interdenominational,mixed
SO08,1954,7.532291,47.2088348,20 - 49,interdenominational,mixed
SO08,1965,7.532291,47.2088348,20 - 49,interdenominational,mixed
SO09,1933,7.5438767,47.4078254,not specified,not specified,mixed
SO10,1933,7.5411714,47.3732135,not specified,not specified,mixed
SO11,1933,7.5791849,47.3964567,not specified,not specified,mixed
SO12,1933,7.59808,47.42219,not specified,not specified,mixed
SO13,1933,7.5117799,47.4769723,not specified,not specified,mixed
SO14,1933,7.589463,47.3880797,not specified,not specified,mixed
SO15,1933,7.619469,47.3934555,not specified,not specified,mixed
SO16,1933,7.4566086,47.4803913,not specified,not specified,mixed
SO17,1933,7.5226262,47.4859888,not specified,not specified,mixed
SZ01,1933,8.6415712,47.0313231,50 - 99,interdenominational,mixed
SZ01,1940,8.6529884,47.0207138,50 - 99,interdenominational,mixed
SZ01,1954,8.6529884,47.0207138,50 - 99,interdenominational,mixed
SZ01,1965,8.6529884,47.0207138,50 - 99,interdenominational,mixed
SZ02,1940,8.6529884,47.0207138,0 - 19,interdenominational,mixed
SZ02,1954,8.6529884,47.0207138,0 - 19,interdenominational,mixed
SZ02,1965,8.6529884,47.0207138,0 - 19,interdenominational,mixed
SZ02,1980,8.6529884,47.0207138,0 - 19,interdenominational,mixed
SZ03,1940,8.7451537,47.127353,0 - 19,interdenominational,mixed
SZ03,1954,8.7451537,47.127353,0 - 19,interdenominational,mixed
SZ03,1965,8.7451537,47.127353,0 - 19,interdenominational,mixed
SZ03,1980,8.7451537,47.127353,0 - 19,interdenominational,mixed
SZ04,1940,8.7565933,47.2064107,not specified,interdenominational,mixed
SZ04,1954,8.7565933,47.2064107,not specified,interdenominational,mixed
SZ04,1965,8.71338,47.19717,0 - 19,interdenominational,mixed
SZ04,1980,8.71338,47.19717,0 - 19,interdenominational,mixed
SZ05,1940,8.5253552,46.9918509,0 - 19,interdenominational,mixed
SZ05,1954,8.5253552,46.9918509,0 - 19,interdenominational,mixed
SZ05,1965,8.5253552,46.9918509,0 - 19,interdenominational,mixed
SZ06,1940,8.4431621,47.0843237,0 - 19,interdenominational,mixed
SZ06,1954,8.4431621,47.0843237,0 - 19,interdenominational,mixed
SZ06,1965,8.4431621,47.0843237,0 - 19,interdenominational,mixed
SZ07,1940,8.8532083,47.1934652,0 - 19,interdenominational,mixed
SZ07,1954,8.8532083,47.1934652,0 - 19,interdenominational,mixed
SZ07,1965,8.8532083,47.1934652,0 - 19,interdenominational,mixed
SZ07,1980,8.8532083,47.1934652,0 - 19,interdenominational,mixed
SZ09,1933,8.8299043,47.1914822,not specified,not specified,mixed
SZ10,1933,8.5227308,47.06244,not specified,not specified,mixed
SZ11,1933,8.7469796,47.1869781,not specified,not specified,mixed
SZ12,1933,8.7565933,47.2064107,not specified,not specified,mixed
SZ13,1933,8.875679,47.1806828,not specified,not specified,mixed
SZ14,1933,8.5253552,46.9918509,not specified,not specified,mixed
SZ15,1933,8.6096206,46.9993722,not specified,not specified,mixed
SZ16,1933,8.4431621,47.0843237,not specified,not specified,mixed
SZ17,1933,8.8532083,47.1934652,not specified,not specified,mixed
SZ18,1933,8.975433,47.169773,not specified,not specified,mixed
SZ19,1933,8.9282867,47.173891,not specified,not specified,mixed
SZ20,1933,8.6529884,47.0207138,not specified,not specified,mixed
SZ21,1933,8.613134,47.0495934,not specified,not specified,mixed
SZ22,1933,8.9423674,47.2026436,not specified,not specified,mixed
SZ23,1933,8.8019535,47.0593246,not specified,not specified,mixed
SZ24,1933,8.8975312,47.1863572,not specified,not specified,mixed
SZ25,1933,8.71338,47.19717,not specified,not specified,mixed
SZ26,1933,8.7451537,47.127353,150 - 199,catholic,mixed
SZ27,1933,8.7451537,47.127353,not specified,not specified,mixed
TG01,1933,8.872307,47.6091195,100 - 149,interdenominational,mixed
TG01,1940,8.872307,47.6091195,100 - 149,interdenominational,mixed
TG01,1954,8.872307,47.6091195,100 - 149,interdenominational,mixed
TG01,1965,8.872307,47.6091195,100 - 149,interdenominational,mixed
TG01,1980,8.872307,47.6091195,20 - 49,interdenominational,male
TG02,1933,8.9099908,47.6049437,100 - 149,interdenominational,male
TG02,1940,8.9099908,47.6049437,100 - 149,interdenominational,male
TG02,1954,8.9099908,47.6049437,100 - 149,interdenominational,male
TG02,1965,8.9099908,47.6049437,50 - 99,interdenominational,male
TG03,1940,9.03056,47.51288,50 - 99,interdenominational,mixed
TG03,1954,9.03056,47.51288,50 - 99,interdenominational,mixed
TG03,1965,9.03056,47.51288,50 - 99,interdenominational,male
TG04,1940,8.8987541,47.5535997,0 - 19,interdenominational,mixed
TG04,1954,8.8987541,47.5535997,0 - 19,interdenominational,mixed
TG04,1965,8.8987541,47.5535997,20 - 49,interdenominational,mixed
TG04,1980,8.8987541,47.5535997,20 - 49,interdenominational,mixed
TG05,1940,8.9968358,47.4618426,200 or more,interdenominational,mixed
TG05,1954,8.9968358,47.4618426,200 or more,interdenominational,mixed
TG05,1965,8.9968358,47.4618426,200 or more,interdenominational,mixed
TG06,1933,9.2263294,47.6302623,200 or more,interdenominational,mixed
TG07,1954,9.1707858,47.6447397,20 - 49,interdenominational,mixed
TG07,1965,9.1707858,47.6447397,20 - 49,interdenominational,male
TG08,1965,8.8987541,47.5535997,0 - 19,protestant,male
TG09,1940,9.3771959,47.5657078,20 - 49,interdenominational,mixed
TG09,1954,9.3771959,47.5657078,20 - 49,interdenominational,mixed
TG09,1965,9.3771959,47.5657078,0 - 19,interdenominational,mixed
TG10,1940,9.2199676,47.4967269,0 - 19,interdenominational,mixed
TG10,1954,9.2199676,47.4967269,0 - 19,interdenominational,mixed
TG10,1965,9.2199676,47.4967269,0 - 19,interdenominational,mixed
TG11,1940,8.7494398,47.6895309,0 - 19,interdenominational,mixed
TG11,1954,8.7494398,47.6895309,0 - 19,interdenominational,mixed
TG11,1965,8.7494398,47.6895309,0 - 19,interdenominational,mixed
TG12,1940,8.8987541,47.5535997,20 - 49,interdenominational,mixed
TG12,1954,8.8987541,47.5535997,20 - 49,interdenominational,mixed
TG12,1965,8.8987541,47.5535997,0 - 19,interdenominational,mixed
TG13,1940,9.1707858,47.6447397,0 - 19,interdenominational,mixed
TG13,1954,9.1707858,47.6447397,0 - 19,interdenominational,mixed
TG13,1965,9.1707858,47.6447397,0 - 19,interdenominational,mixed
TG14,1940,7.9667513,47.5399234,0 - 19,interdenominational,mixed
TG14,1954,7.9667513,47.5399234,0 - 19,interdenominational,mixed
TG14,1965,7.9667513,47.5399234,0 - 19,interdenominational,mixed
TG15,1940,8.9822824,47.6680452,0 - 19,interdenominational,mixed
TG15,1954,8.9822824,47.6680452,0 - 19,interdenominational,mixed
TG15,1965,8.9822824,47.6680452,0 - 19,interdenominational,mixed
TG16,1940,9.1084456,47.5660299,0 - 19,interdenominational,mixed
TG16,1954,9.1084456,47.5660299,0 - 19,interdenominational,mixed
TG16,1965,9.1084456,47.5660299,0 - 19,interdenominational,mixed
TI01,1933,8.9841329,45.8713339,50 - 99,catholic,male
TI01,1940,8.9841329,45.8713339,50 - 99,not specified,mixed
TI02,1933,8.9708066,45.9008013,50 - 99,catholic,mixed
TI02,1940,8.9708066,45.9008013,50 - 99,catholic,male
TI03,1940,8.951052,46.0036778,100 - 149,interdenominational,mixed
TI03,1954,8.951052,46.0036778,100 - 149,interdenominational,mixed
TI03,1965,8.951052,46.0036778,50 - 99,interdenominational,mixed
TI03,1980,8.951052,46.0036778,200 or more,interdenominational,mixed
TI04,1940,9.0244124,46.1946216,0 - 19,interdenominational,mixed
TI04,1954,9.0244124,46.1946216,0 - 19,interdenominational,mixed
TI04,1965,9.0244124,46.1946216,20 - 49,interdenominational,mixed
TI05,1940,8.7942643,46.1669988,0 - 19,interdenominational,mixed
TI05,1954,8.7942643,46.1669988,0 - 19,interdenominational,mixed
TI05,1965,8.7942643,46.1669988,0 - 19,interdenominational,mixed
TI06,1940,8.951052,46.0036778,0 - 19,interdenominational,mixed
TI06,1954,8.951052,46.0036778,0 - 19,interdenominational,mixed
TI06,1965,8.951052,46.0036778,0 - 19,interdenominational,mixed
TI07,1940,8.9841329,45.8713339,0 - 19,interdenominational,mixed
TI07,1954,8.9841329,45.8713339,0 - 19,interdenominational,mixed
TI07,1965,8.9841329,45.8713339,0 - 19,interdenominational,mixed
UR01,1940,8.6428436,46.8821272,20 - 49,interdenominational,mixed
UR01,1954,8.6428436,46.8821272,20 - 49,interdenominational,mixed
UR01,1965,8.6428436,46.8821272,20 - 49,interdenominational,mixed
UR01,1980,8.6428436,46.8821272,0 - 19,interdenominational,mixed
UR02,1933,8.6428436,46.8821272,not specified,not specified,mixed
UR03,1933,8.63111,46.8617608,not specified,not specified,mixed
UR04,1933,8.6644631,46.8761523,not specified,not specified,mixed
UR05,1933,8.6238894,46.900149,not specified,not specified,mixed
UR06,1933,8.6481594,46.8642346,not specified,not specified,mixed
UR07,1933,8.61352,46.88092,not specified,not specified,mixed
VD01,1933,6.6322734,46.5196535,20 - 49,protestant,female
VD01,1940,6.6322734,46.5196535,20 - 49,interdenominational,female
VD01,1954,6.6322734,46.5196535,20 - 49,interdenominational,female
VD01,1965,6.6322734,46.5196535,20 - 49,protestant,female
VD02,1933,6.3397549,46.4612971,50 - 99,interdenominational,female
VD02,1940,6.3397549,46.4612971,20 - 49,interdenominational,female
VD02,1954,6.3397549,46.4612971,20 - 49,interdenominational,female
VD02,1965,6.3397549,46.4612971,20 - 49,interdenominational,female
VD03,1940,6.6577156,46.541276,50 - 99,interdenominational,male
VD03,1954,6.6577156,46.541276,50 - 99,interdenominational,male
VD03,1965,6.6322734,46.5196535,50 - 99,interdenominational,male
VD04,1940,6.5514257,46.73324,200 or more,interdenominational,male
VD04,1954,6.5323588,46.7293301,200 or more,interdenominational,male
VD04,1965,6.5323588,46.7293301,200 or more,interdenominational,male
VD04,1980,6.5323588,46.7293301,200 or more,interdenominational,male
VD04a,1933,6.5323588,46.7293301,200 or more,interdenominational,mixed
VD04b,1933,6.5323588,46.7293301,not specified,interdenominational,male
VD04c,1980,6.5323588,46.7293301,50 - 99,interdenominational,mixed
VD05,1933,6.8419192,46.4628333,20 - 49,protestant,female
VD05,1940,6.8419192,46.4628333,20 - 49,catholic,female
VD06,1933,6.6322734,46.5196535,200 or more,interdenominational,mixed
VD06,1940,6.6322734,46.5196535,200 or more,interdenominational,mixed
VD07,1940,6.8392762,46.5603859,50 - 99,not specified,male
VD07,1954,6.8392762,46.5603859,50 - 99,interdenominational,male
VD07,1965,6.8377,46.56243,20 - 49,interdenominational,male
VD08,1940,6.654933,46.5287859,20 - 49,protestant,female
VD08,1965,6.6322734,46.5196535,0 - 19,interdenominational,female
VD09,1933,6.6457678,46.8092091,50 - 99,protestant,female
VD09,1940,6.6457678,46.8092091,20 - 49,protestant,mixed
VD10,1980,6.6322734,46.5196535,50 - 99,interdenominational,mixed
VD11,1933,6.6129185,46.5998975,50 - 99,protestant,male
VD12,1940,6.970566,46.3190253,20 - 49,interdenominational,mixed
VD12,1954,6.970566,46.3190253,20 - 49,interdenominational,mixed
VD12,1965,6.970566,46.3190253,20 - 49,interdenominational,mixed
VD13,1940,6.3918325,46.4953291,0 - 19,interdenominational,mixed
VD13,1954,6.3918325,46.4953291,0 - 19,interdenominational,mixed
VD13,1965,6.3918325,46.4953291,0 - 19,interdenominational,mixed
VD14,1940,7.0427075,46.8806009,0 - 19,interdenominational,mixed
VD14,1954,7.0427075,46.8806009,0 - 19,interdenominational,mixed
VD14,1965,7.0427075,46.8806009,0 - 19,interdenominational,mixed
VD15,1940,7.1260114,46.4715174,0 - 19,interdenominational,mixed
VD15,1954,7.1260114,46.4715174,0 - 19,interdenominational,mixed
VD15,1965,7.1260114,46.4715174,0 - 19,interdenominational,mixed
VD16,1940,6.5081849,46.6135327,0 - 19,interdenominational,mixed
VD16,1954,6.5081849,46.6135327,0 - 19,interdenominational,mixed
VD16,1965,6.5081849,46.6135327,0 - 19,interdenominational,mixed
VD17,1940,6.6344508,46.6410996,0 - 19,interdenominational,mixed
VD17,1954,6.6344508,46.6410996,0 - 19,interdenominational,mixed
VD17,1965,6.6344508,46.6410996,0 - 19,interdenominational,mixed
VD17,1980,6.6344508,46.6410996,0 - 19,interdenominational,mixed
VD18,1940,6.6322734,46.5196535,100 - 149,interdenominational,mixed
VD18,1954,6.6322734,46.5196535,100 - 149,interdenominational,mixed
VD18,1965,6.6322734,46.5196535,50 - 99,interdenominational,mixed
VD18,1980,6.6322734,46.5196535,50 - 99,interdenominational,mixed
VD19,1940,6.6322734,46.5196535,not specified,interdenominational,mixed
VD19,1954,6.6322734,46.5196535,not specified,interdenominational,mixed
VD19,1965,6.6322734,46.5196535,20 - 49,interdenominational,mixed
VD19,1980,6.6322734,46.5196535,20 - 49,interdenominational,mixed
VD20,1940,6.23251,46.60578,not specified,interdenominational,mixed
VD20,1954,6.23251,46.60578,not specified,interdenominational,mixed
VD20,1965,6.23251,46.60578,0 - 19,interdenominational,mixed
VD21,1940,6.4961301,46.5088127,20 - 49,interdenominational,mixed
VD21,1954,6.4961301,46.5088127,20 - 49,interdenominational,mixed
VD21,1965,6.4961301,46.5088127,20 - 49,interdenominational,mixed
VD21,1980,6.4961301,46.5088127,20 - 49,interdenominational,mixed
VD22,1940,6.7975224,46.6698891,0 - 19,interdenominational,mixed
VD22,1954,6.7975224,46.6698891,0 - 19,interdenominational,mixed
VD22,1965,6.7975224,46.6698891,0 - 19,interdenominational,mixed
VD23,1940,6.2347852,46.3832683,20 - 49,interdenominational,mixed
VD23,1954,6.2347852,46.3832683,20 - 49,interdenominational,mixed
VD23,1965,6.2347852,46.3832683,0 - 19,interdenominational,mixed
VD24,1940,6.5323588,46.7293301,0 - 19,interdenominational,mixed
VD24,1954,6.5323588,46.7293301,0 - 19,interdenominational,mixed
VD24,1965,6.5323588,46.7293301,0 - 19,interdenominational,mixed
VD25,1940,6.5022222,46.8217968,0 - 19,interdenominational,mixed
VD25,1954,6.5022222,46.8217968,0 - 19,interdenominational,mixed
VD25,1965,6.5022222,46.8217968,0 - 19,interdenominational,mixed
VD26,1940,6.8419192,46.4628333,20 - 49,interdenominational,mixed
VD26,1954,6.8419192,46.4628333,20 - 49,interdenominational,mixed
VD26,1965,6.8419192,46.4628333,20 - 49,interdenominational,mixed
VD26,1980,6.8419192,46.4628333,20 - 49,interdenominational,mixed
VD27,1940,6.641183,46.7784736,20 - 49,interdenominational,mixed
VD27,1954,6.641183,46.7784736,20 - 49,interdenominational,mixed
VD27,1965,6.641183,46.7784736,20 - 49,interdenominational,mixed
VD27,1980,6.641183,46.7784736,20 - 49,interdenominational,mixed
VS01,1940,7.463425,46.2584696,50 - 99,interdenominational,male
VS01,1954,7.463425,46.2584696,50 - 99,interdenominational,male
VS01,1965,7.463425,46.2584696,50 - 99,interdenominational,male
VS01,1980,7.463425,46.2584696,50 - 99,interdenominational,male
VS02,1980,7.4633632,46.2730733,20 - 49,interdenominational,male
VS03,1940,7.360626,46.2331221,50 - 99,interdenominational,mixed
VS03,1954,7.360626,46.2331221,20 - 49,interdenominational,male
VS03,1965,7.360626,46.2331221,50 - 99,interdenominational,male
VS03,1980,7.360626,46.2331221,50 - 99,interdenominational,mixed
VS04,1940,7.360626,46.2331221,20 - 49,interdenominational,male
VS04,1954,7.360626,46.2331221,20 - 49,interdenominational,male
VS04,1965,7.360626,46.2331221,20 - 49,interdenominational,male
VS05,1933,6.9469598,46.2521873,200 or more,catholic,mixed
VS05,1940,6.9469598,46.2521873,200 or more,interdenominational,mixed
VS06,1940,7.9878208,46.3158992,not specified,interdenominational,mixed
VS06,1954,7.9878208,46.3158992,not specified,interdenominational,mixed
VS06,1965,7.9878208,46.3158992,0 - 19,interdenominational,male
VS07,1940,7.0755334,46.1049798,not specified,interdenominational,mixed
VS07,1954,7.0755334,46.1049798,not specified,interdenominational,not specified
VS07,1965,7.0755334,46.1049798,20 - 49,interdenominational,female
VS08,1965,6.9469598,46.2521873,0 - 19,interdenominational,male
VS09,1940,7.360626,46.2331221,0 - 19,interdenominational,mixed
VS09,1954,7.360626,46.2331221,0 - 19,interdenominational,mixed
VS09,1965,7.360626,46.2331221,0 - 19,interdenominational,mixed
VS10,1965,7.0047948,46.214941,0 - 19,interdenominational,male
ZG01,1933,8.5154946,47.1661672,not specified,interdenominational,mixed
ZG01,1940,8.5154946,47.1661672,20 - 49,interdenominational,mixed
ZG01,1954,8.5154946,47.1661672,20 - 49,interdenominational,mixed
ZG01,1965,8.5154946,47.1661672,20 - 49,interdenominational,mixed
ZG01,1980,8.5154946,47.1661672,20 - 49,interdenominational,mixed
ZG02,1940,8.5061722,47.1469633,150 - 199,not specified,male
ZG02,1954,8.5061722,47.1469633,150 - 199,interdenominational,male
ZG02,1965,8.5061722,47.1469633,200 or more,interdenominational,male
ZG03,1980,8.5912483,47.1778831,100 - 149,interdenominational,male
ZG04,1933,8.526087,47.1953729,not specified,not specified,mixed
ZG05,1933,8.4592089,47.181225,not specified,not specified,mixed
ZG06,1933,8.5912483,47.1778831,not specified,not specified,mixed
ZG07,1933,8.6131948,47.1351173,not specified,not specified,mixed
ZG08,1933,8.4850173,47.197193,not specified,not specified,mixed
ZG09,1933,8.5830915,47.1368093,not specified,not specified,mixed
ZG10,1933,8.5154946,47.1661672,not specified,not specified,mixed
ZH01,1933,8.4745746,47.3598046,50 - 99,interdenominational,male
ZH01,1940,8.4745746,47.3598046,50 - 99,interdenominational,male
ZH01,1954,8.451903,47.3709461,50 - 99,interdenominational,male
ZH01,1965,8.4745746,47.3598046,50 - 99,interdenominational,male
ZH01,1980,8.451903,47.3709461,50 - 99,interdenominational,male
ZH02,1933,8.5268129,47.2273614,150 - 199,interdenominational,mixed
ZH02,1940,8.5268129,47.2273614,20 - 49,interdenominational,mixed
ZH02,1954,8.5268129,47.2273614,20 - 49,interdenominational,mixed
ZH02,1965,8.5268129,47.2273614,20 - 49,interdenominational,mixed
ZH03,1933,8.8246219,47.5630455,20 - 49,protestant,male
ZH03,1940,8.8246219,47.5630455,20 - 49,interdenominational,male
ZH03,1954,8.8246219,47.5630455,20 - 49,interdenominational,male
ZH03,1965,8.8246219,47.5630455,50 - 99,interdenominational,male
ZH04,1940,8.4649434,47.4421954,200 or more,interdenominational,mixed
ZH04,1954,8.4649434,47.4421954,200 or more,interdenominational,mixed
ZH04,1965,8.4649434,47.4421954,200 or more,interdenominational,mixed
ZH04a,1933,8.4649434,47.4421954,100 - 149,interdenominational,mixed
ZH04b,1980,8.4649434,47.4421954,200 or more,interdenominational,male
ZH04c,1980,8.4649434,47.4421954,50 - 99,interdenominational,male
ZH05,1933,8.6312396,47.418886,20 - 49,protestant,male
ZH05,1940,8.64205,47.42983,20 - 49,interdenominational,male
ZH05,1954,8.64205,47.42983,20 - 49,protestant,male
ZH05,1965,8.6312396,47.418886,20 - 49,protestant,male
ZH06,1933,8.6723535,47.4309373,20 - 49,protestant,female
ZH06,1940,8.6723535,47.4309373,20 - 49,protestant,female
ZH07,1933,8.48708,47.28417,20 - 49,protestant,male
ZH07,1940,8.487077,47.284205,20 - 49,interdenominational,male
ZH07,1954,8.487077,47.284205,50 - 99,interdenominational,male
ZH07,1965,8.487077,47.284205,50 - 99,interdenominational,male
ZH08,1933,8.8555409,47.3147863,20 - 49,interdenominational,male
ZH08,1940,8.8555409,47.3147863,20 - 49,interdenominational,male
ZH08,1954,8.8555409,47.3147863,20 - 49,interdenominational,male
ZH08,1965,8.8555409,47.3147863,20 - 49,interdenominational,male
ZH08,1980,8.8365285,47.3035511,20 - 49,interdenominational,male
ZH09,1933,8.60117,47.6433,200 or more,interdenominational,mixed
ZH10,1933,8.541694,47.3768866,200 or more,interdenominational,mixed
ZH10,1965,8.541694,47.3768866,200 or more,interdenominational,mixed
ZH11,1933,8.541694,47.3768866,20 - 49,protestant,male
ZH11,1940,8.541694,47.3768866,20 - 49,protestant,male
ZH11,1954,8.541694,47.3768866,20 - 49,protestant,male
ZH11,1965,8.541694,47.3768866,20 - 49,protestant,male
ZH12,1940,8.4540083,47.2795081,0 - 19,interdenominational,mixed
ZH12,1954,8.4540083,47.2795081,0 - 19,interdenominational,mixed
ZH12,1965,8.4540083,47.2795081,0 - 19,interdenominational,mixed
ZH12,1980,8.4540083,47.2795081,50 - 99,interdenominational,mixed
ZH13,1940,8.6596026,47.5946536,0 - 19,interdenominational,mixed
ZH13,1954,8.6596026,47.5946536,0 - 19,interdenominational,mixed
ZH13,1965,8.6596026,47.5946536,0 - 19,interdenominational,mixed
ZH13,1980,8.6596026,47.5946536,20 - 49,interdenominational,mixed
ZH14,1940,8.5419603,47.5160671,0 - 19,interdenominational,mixed
ZH14,1954,8.5419603,47.5160671,0 - 19,interdenominational,mixed
ZH14,1965,8.5419603,47.5160671,0 - 19,interdenominational,mixed
ZH14,1980,8.5419603,47.5160671,0 - 19,interdenominational,mixed
ZH15,1940,8.4535044,47.4824169,0 - 19,interdenominational,mixed
ZH15,1954,8.4535044,47.4824169,0 - 19,interdenominational,mixed
ZH15,1965,8.4535044,47.4824169,0 - 19,interdenominational,mixed
ZH15,1980,8.4535044,47.4824169,0 - 19,interdenominational,mixed
ZH16,1940,8.8365285,47.3035511,0 - 19,interdenominational,mixed
ZH16,1954,8.8365285,47.3035511,0 - 19,interdenominational,mixed
ZH16,1965,8.8365285,47.3035511,20 - 49,interdenominational,mixed
ZH16,1980,8.8365285,47.3035511,20 - 49,interdenominational,mixed
ZH17,1940,8.596363,47.260742,20 - 49,interdenominational,mixed
ZH17,1954,8.596363,47.260742,20 - 49,interdenominational,mixed
ZH17,1965,8.596363,47.260742,20 - 49,interdenominational,mixed
ZH17,1980,8.596363,47.260742,20 - 49,interdenominational,mixed
ZH18,1940,8.64875,47.2694361,20 - 49,interdenominational,mixed
ZH18,1954,8.64875,47.2694361,20 - 49,interdenominational,mixed
ZH18,1965,8.64875,47.2694361,20 - 49,interdenominational,mixed
ZH18,1980,8.64875,47.2694361,20 - 49,interdenominational,mixed
ZH19,1940,8.7866772,47.3661671,0 - 19,interdenominational,mixed
ZH19,1954,8.7866772,47.3661671,0 - 19,interdenominational,mixed
ZH19,1965,8.7866772,47.3661671,20 - 49,interdenominational,mixed
ZH19a,1980,8.7866772,47.3661671,0 - 19,interdenominational,mixed
ZH19b,1980,8.7866772,47.3661671,20 - 49,interdenominational,mixed
ZH20,1940,8.7178739,47.3482747,20 - 49,interdenominational,mixed
ZH20,1954,8.7178739,47.3482747,20 - 49,interdenominational,mixed
ZH20,1965,8.7178739,47.3482747,20 - 49,interdenominational,mixed
ZH20,1980,8.7178739,47.3482747,20 - 49,interdenominational,mixed
ZH21,1940,8.7236889,47.4988196,20 - 49,interdenominational,mixed
ZH21,1954,8.7236889,47.4988196,20 - 49,interdenominational,mixed
ZH21,1965,8.7236889,47.4988196,50 - 99,interdenominational,mixed
ZH21,1980,8.7236889,47.4988196,20 - 49,interdenominational,mixed
ZH22,1940,8.541694,47.3768866,100 - 149,interdenominational,mixed
ZH22,1954,8.541694,47.3768866,100 - 149,interdenominational,mixed
ZH22,1965,8.541694,47.3768866,100 - 149,interdenominational,mixed
ZH22,1980,8.541694,47.3768866,100 - 149,interdenominational,mixed
ZH23,1933,8.5432216,47.2384196,50 - 99,interdenominational,female
ZH23,1940,8.5337973,47.243851,100 - 149,interdenominational,male
ZH23,1954,8.5337973,47.243851,100 - 149,interdenominational,male
ZH23,1965,8.5337973,47.243851,50 - 99,interdenominational,male
ZH24,1940,8.4040561,47.2814693,20 - 49,protestant,female
ZH24,1954,8.4040561,47.2814693,20 - 49,protestant,female
ZH24,1965,8.4040561,47.2814693,20 - 49,protestant,female
ZH24,1933,8.4040561,47.2814693,20 - 49,protestant,female
ZH25,1933,8.8808183,47.3672639,not specified,not specified,mixed
ZH26,1933,8.6903921,47.2995246,not specified,not specified,mixed
ZH27,1933,8.716667,47.283333,20 - 49,protestant,mixed
ZH28,1933,8.9202247,47.3311758,not specified,not specified,mixed
ZH29,1933,8.77026,47.25259,not specified,not specified,mixed
ZH30,1933,8.596363,47.260742,not specified,not specified,mixed
ZH31,1933,8.6946733,47.2574625,not specified,not specified,mixed
ZH32,1933,8.5402379,47.6114723,not specified,not specified,mixed
ZH33,1933,8.5402379,47.6114723,20 - 49,protestant,mixed
ZH34,1933,8.7070691,47.2053892,not specified,not specified,mixed
ZH35,1933,8.644027,47.1932312,not specified,not specified,mixed
ZH36,1933,8.4657088,47.5283265,not specified,not specified,mixed
ZH37,1933,8.7351356,47.2392343,not specified,not specified,mixed
ZH37,1940,8.7351356,47.2392343,20 - 49,protestant,female
ZH38,1933,8.6718189,47.2296871,not specified,not specified,mixed
ZH39,1933,9.4904334,47.4157934,not specified,not specified,mixed
ZH40,1933,8.801356,47.3270602,not specified,not specified,mixed
ZH41,1933,8.541694,47.3768866,20 - 49,interdenominational,male
ZH41,1940,8.541694,47.3768866,20 - 49,interdenominational,male
ZH42,1933,8.7070691,47.2053892,50 - 99,catholic,female
ZH42,1940,8.7070691,47.2053892,50 - 99,catholic,female
ZH42,1954,8.7070691,47.2053892,not specified,catholic,female
ZH42,1965,8.7070691,47.2053892,20 - 49,catholic,female
ZH43,1940,8.7866772,47.3661671,20 - 49,interdenominational,female
ZH43,1954,8.7866772,47.3661671,20 - 49,interdenominational,female
ZH43,1965,8.7866772,47.3661671,20 - 49,interdenominational,female
ZH44,1933,8.4628831,47.2437032,50 - 99,interdenominational,male
ZH44,1940,8.4628831,47.2437032,50 - 99,interdenominational,male
ZH44,1954,8.4842175,47.2259678,50 - 99,interdenominational,male
ZH44,1965,8.4842175,47.2259678,50 - 99,interdenominational,male
ZH45,1933,8.4535044,47.4824169,20 - 49,interdenominational,male
ZH45,1940,8.4535044,47.4824169,20 - 49,interdenominational,male
ZH45,1954,8.4535044,47.4824169,20 - 49,interdenominational,mixed
ZH45,1965,8.4535044,47.4824169,20 - 49,interdenominational,male
ZH46,1933,8.5419603,47.5160671,20 - 49,interdenominational,female
ZH46,1940,8.5419603,47.5160671,20 - 49,interdenominational,female
ZH46,1954,8.5419603,47.5160671,20 - 49,interdenominational,female
ZH46,1965,8.5419603,47.5160671,20 - 49,interdenominational,female
ZH47,1933,8.7351356,47.2392343,20 - 49,protestant,female
ZH48,1933,8.541694,47.3768866,20 - 49,interdenominational,mixed
ZH48,1940,8.541694,47.3768866,20 - 49,interdenominational,mixed
ZH49,1933,8.541694,47.3768866,20 - 49,protestant,female
ZH49,1940,8.541694,47.3768866,20 - 49,protestant,female
ZH49,1954,8.541694,47.3768866,20 - 49,protestant,female
ZH49,1965,8.541694,47.3768866,20 - 49,protestant,female
ZH50,1940,8.541694,47.3768866,20 - 49,interdenominational,female
ZH50,1954,8.541694,47.3768866,20 - 49,interdenominational,female
ZH50,1965,8.541694,47.3768866,0 - 19,interdenominational,female
ZH51,1940,8.541694,47.3768866,0 - 19,not specified,female
ZH51,1933,8.541694,47.3768866,0 - 19,not specified,female
ZH52,1933,8.541694,47.3768866,20 - 49,protestant,female
ZH52,1940,8.541694,47.3768866,20 - 49,protestant,female
ZH53,1933,8.541694,47.3768866,20 - 49,protestant,female
ZH54,1965,8.8191356,47.2682174,20 - 49,protestant,male
ZH55,1933,8.5452125,47.3220092,200 or more,protestant,mixed
ZH56,1940,8.5194782,47.4766643,20 - 49,protestant,female
ZH57,1965,8.6778198,47.4730927,20 - 49,protestant,mixed
ZH58,1965,8.58025,47.53618,20 - 49,protestant,mixed
ZH59,1965,8.448795,47.3982611,20 - 49,protestant,male
ZH60,1965,8.541694,47.3768866,50 - 99,interdenominational,male
