Code;Kanton;Ort;Anstalt;Alternatives Gründungsjahr gem. Umfrage Archive;Gründung;Auflösung;Alternatives Schliessungsdatum gem. Umfrage Archive
AG01;AG;Aarau;Gemeindearmenhaus mit gemeinschaftlichem Haushalt;;1803;unbekannt;
AG02;AG;Aarau;Bezirksgefängnis Aarau;;Vor 1895;1980 offen;
AG03;AG;Aarburg;Kantonale Erziehungsanstalt Aarburg;;1893;1980 offen;
AG04;AG;Aristau;Arbeitskolonie Murimoos;;1932;1980 offen;
AG05;AG;Holderbank;Trinkerheilstätte Effingerhort Holderbank;;1867;1980 offen;
AG06;AG;Brugg;Bezirksgefängnis Brugg;;Vor 1895;1980 offen;
AG07;AG;Birr;Schweizerisches Pestalozziheim Neuhof;;1914;1980 offen;
AG08;AG;Baden;Bezirksgefängnis Baden;;Vor 1895;1980 offen;
AG09;AG;Bremgarten;Bezirksgefängnis Bremgarten;;Vor 1895;1980 offen;
AG10;AG;Laufenburg;Bezirksgefängnis Laufenburg;;Vor 1895;1980 offen;
AG100;AG;Aristau;Gemeindearmenhaus ohne gemeinschaftlichen Haushalt;;Vor 1933;unbekannt;
AG11;AG;Lenzburg;Bezirksgefängnis Lenzburg;;Vor 1895;1980 offen;
AG12;AG;Muri;Bezirksgefängnis Muri;;Vor 1895;1980 offen;
AG13;AG;Rheinfelden;Bezirksgefängnis Rheinfelden;;Vor 1895;1980 offen;
AG14;AG;Unterkulm;Bezirksgefängnis Unterkulm;;Vor 1895;1980 offen;
AG15;AG;Zofingen;Bezirksgefängnis Zofingen;;Vor 1895;1980 offen;
AG16;AG;Zurzach;Bezirksgefängnis Zurzach ;;Vor 1933;1980 offen;
AG17;AG;Biberstein;Erziehungsheim Schloss Biberstein;;1889;1980 offen;
AG18;AG;Klingnau;Erziehungsheim St. Johann;;1894;1980;
AG19;AG;Auenstein;Gemeindearmenhaus ohne gemeinschaftlichen Haushalt;;Vor 1933;unbekannt;
AG20;AG;Baden;Gemeindearmenhaus mit gemeinschaftlichem Haushalt;;Vor 1933;unbekannt;
AG21;AG;Baldingen;Gemeindearmenhaus ohne gemeinschaftlichen Haushalt;;Vor 1933;unbekannt;
AG22;AG;Beinwil am See;Gemeindearmenhaus mit gemeinschaftlichem Haushalt;;Vor 1933;unbekannt;
AG23;AG;Benzenschwil;Gemeindearmenhaus ohne gemeinschaftlichen Haushalt;;Vor 1933;unbekannt;
AG24;AG;Bergdietikon;Gemeindearmenhaus ohne gemeinschaftlichen Haushalt;;Vor 1933;unbekannt;
AG25;AG;Biberstein;Gemeindearmenhaus ohne gemeinschaftlichen Haushalt;;Vor 1933;unbekannt;
AG26;AG;Birrwil;Gemeindearmenhaus mit gemeinschaftlichem Haushalt;;Vor 1933;unbekannt;
AG27;AG;Boniswil;Gemeindearmenhaus ohne gemeinschaftlichen Haushalt;;Vor 1933;unbekannt;
AG28;AG;Boswil;Gemeindearmenhaus mit gemeinschaftlichem Haushalt;;Vor 1933;unbekannt;
AG29;AG;Bremgarten;Gemeindearmenhaus mit gemeinschaftlichem Haushalt;;Vor 1933;unbekannt;
AG30;AG;Brugg;Gemeindearmenhaus mit gemeinschaftlichem Haushalt;;Vor 1933;unbekannt;
AG31;AG;Brugg;Gemeindearmenhaus ohne gemeinschaftlichen Haushalt;;Vor 1933;unbekannt;
AG32;AG;Buchs;Gemeindearmenhaus ohne gemeinschaftlichen Haushalt;;Vor 1933;unbekannt;
AG33;AG;Buttwil;Gemeindearmenhaus ohne gemeinschaftlichen Haushalt;;Vor 1933;unbekannt;
AG34;AG;Dietwil;Gemeindearmenhaus ohne gemeinschaftlichen Haushalt;;Vor 1933;unbekannt;
AG35;AG;Dintikon;Gemeindearmenhaus ohne gemeinschaftlichen Haushalt;;Vor 1933;unbekannt;
AG36;AG;Dürrenäsch;Gemeindearmenhaus mit gemeinschaftlichem Haushalt;;Vor 1933;unbekannt;
AG37;AG;Effingen;Gemeindearmenhaus ohne gemeinschaftlichen Haushalt;;Vor 1933;unbekannt;
AG38;AG;Eiken;Gemeindearmenhaus ohne gemeinschaftlichen Haushalt;;Vor 1933;unbekannt;
AG39;AG;Ennetbaden;Gemeindearmenhaus ohne gemeinschaftlichen Haushalt;;Vor 1933;unbekannt;
AG40;AG;Gansingen;Gemeindearmenhaus ohne gemeinschaftlichen Haushalt;;Vor 1933;unbekannt;
AG41;AG;Gontenschwil;Gemeindearmenhaus ohne gemeinschaftlichen Haushalt;;Vor 1933;unbekannt;
AG42;AG;Gränichen;Gemeindearmenhaus ohne gemeinschaftlichen Haushalt;;Vor 1933;unbekannt;
AG43;AG;Hägglingen;Gemeindearmenhaus mit gemeinschaftlichem Haushalt;;Vor 1933;unbekannt;
AG44;AG;Hausen;Gemeindearmenhaus ohne gemeinschaftlichen Haushalt;;Vor 1933;unbekannt;
AG45;AG;Herznach;Gemeindearmenhaus ohne gemeinschaftlichen Haushalt;;Vor 1933;unbekannt;
AG46;AG;Hirschthal;Gemeindearmenhaus ohne gemeinschaftlichen Haushalt;;Vor 1933;unbekannt;
AG47;AG;Hornussen;Gemeindearmenhaus ohne gemeinschaftlichen Haushalt;;Vor 1933;unbekannt;
AG48;AG;Kaiserstuhl;Gemeindearmenhaus mit gemeinschaftlichem Haushalt;;Vor 1933;unbekannt;
AG49;AG;Kaisten;Gemeindearmenhaus ohne gemeinschaftlichen Haushalt;;Vor 1933;unbekannt;
AG50;AG;Klingnau;Gemeindearmenhaus ohne gemeinschaftlichen Haushalt;;Vor 1933;unbekannt;
AG51;AG;Koblenz;Gemeindearmenhaus ohne gemeinschaftlichen Haushalt;;Vor 1933;unbekannt;
AG52;AG;Künten;Gemeindearmenhaus ohne gemeinschaftlichen Haushalt;;Vor 1933;unbekannt;
AG53;AG;Küttigen;Gemeindearmenhaus ohne gemeinschaftlichen Haushalt;;Vor 1933;unbekannt;
AG54;AG;Lenzburg;Gemeindearmenhaus mit gemeinschaftlichem Haushalt;;Vor 1933;unbekannt;
AG55;AG;Leutwil;Gemeindearmenhaus mit gemeinschaftlichem Haushalt;;Vor 1933;unbekannt;
AG56;AG;Lupfig;Gemeindearmenhaus ohne gemeinschaftlichen Haushalt;;Vor 1933;unbekannt;
AG57;AG;Meisterschwanden;Gemeindearmenhaus mit gemeinschaftlichem Haushalt;;Vor 1933;unbekannt;
AG58;AG;Mellingen;Gemeindearmenhaus mit gemeinschaftlichem Haushalt;;Vor 1933;unbekannt;
AG59;AG;Menziken;Gemeindearmenhaus mit gemeinschaftlichem Haushalt;;Vor 1933;unbekannt;
AG60;AG;Mettau;Gemeindearmenhaus ohne gemeinschaftlichen Haushalt;;Vor 1933;unbekannt;
AG61;AG;Muhen;Gemeindearmenhaus mit gemeinschaftlichem Haushalt;;Vor 1933;unbekannt;
AG62;AG;Münchwilen;Gemeindearmenhaus ohne gemeinschaftlichen Haushalt;;Vor 1933;unbekannt;
AG63;AG;Muri;Gemeindearmenhaus mit gemeinschaftlichem Haushalt;;Vor 1933;unbekannt;
AG64;AG;Neuenhof;Gemeindearmenhaus ohne gemeinschaftlichen Haushalt;;Vor 1933;unbekannt;
AG65;AG;Niederwil;Gemeindearmenhaus ohne gemeinschaftlichen Haushalt;;Vor 1933;unbekannt;
AG66;AG;Oberendingen;Gemeindearmenhaus ohne gemeinschaftlichen Haushalt;;Vor 1933;unbekannt;
AG67;AG;Oberhofen;Gemeindearmenhaus ohne gemeinschaftlichen Haushalt;;Vor 1933;unbekannt;
AG68;AG;Oberlunkhofen;Gemeindearmenhaus ohne gemeinschaftlichen Haushalt;;Vor 1933;unbekannt;
AG69;AG;Oeschgen;Gemeindearmenhaus ohne gemeinschaftlichen Haushalt;;Vor 1933;unbekannt;
AG70;AG;Reinach;Gemeindearmenhaus mit gemeinschaftlichem Haushalt;;Vor 1933;unbekannt;
AG71;AG;Rekingen;Gemeindearmenhaus ohne gemeinschaftlichen Haushalt;;Vor 1933;unbekannt;
AG72;AG;Rheinfelden;Gemeindearmenhaus mit gemeinschaftlichem Haushalt;;Vor 1933;unbekannt;
AG73;AG;Rudolfstetten;Gemeindearmenhaus ohne gemeinschaftlichen Haushalt;;Vor 1933;unbekannt;
AG74;AG;Rüfenach;Gemeindearmenhaus mit gemeinschaftlichem Haushalt;;Vor 1933;unbekannt;
AG75;AG;Sarmenstorf;Gemeindearmenhaus mit gemeinschaftlichem Haushalt;;Vor 1933;unbekannt;
AG76;AG;Schinznach;Gemeindearmenhaus ohne gemeinschaftlichen Haushalt;;Vor 1933;unbekannt;
AG77;AG;Schwaderloch;Gemeindearmenhaus ohne gemeinschaftlichen Haushalt;;Vor 1933;unbekannt;
AG78;AG;Seengen;Gemeindearmenhaus mit gemeinschaftlichem Haushalt;;Vor 1933;unbekannt;
AG79;AG;Siglistorf;Gemeindearmenhaus ohne gemeinschaftlichen Haushalt;;Vor 1933;unbekannt;
AG80;AG;Sisseln;Gemeindearmenhaus ohne gemeinschaftlichen Haushalt;;Vor 1933;unbekannt;
AG81;AG;Suhr;Gemeindearmenhaus ohne gemeinschaftlichen Haushalt;;Vor 1933;unbekannt;
AG82;AG;Sulz;Gemeindearmenhaus ohne gemeinschaftlichen Haushalt;;Vor 1933;unbekannt;
AG83;AG;Tägerig;Gemeindearmenhaus mit gemeinschaftlichem Haushalt;;Vor 1933;unbekannt;
AG84;AG;Tennwil;Gemeindearmenhaus mit gemeinschaftlichem Haushalt;;Vor 1933;unbekannt;
AG85;AG;Teufenthal;Gemeindearmenhaus ohne gemeinschaftlichen Haushalt;;Vor 1933;unbekannt;
AG86;AG;Thalheim;Gemeindearmenhaus ohne gemeinschaftlichen Haushalt;;Vor 1933;unbekannt;
AG87;AG;Villigen;Gemeindearmenhaus ohne gemeinschaftlichen Haushalt;;Vor 1933;unbekannt;
AG88;AG;Wittnau;Gemeindearmenhaus ohne gemeinschaftlichen Haushalt;;Vor 1933;unbekannt;
AG89;AG;Wohlen;Gemeindearmenhaus mit gemeinschaftlichem Haushalt;;Vor 1933;unbekannt;
AG90;AG;Wölflinswil;Gemeindearmenhaus ohne gemeinschaftlichen Haushalt;;Vor 1933;unbekannt;
AG91;AG;Würenlingen;Gemeindearmenhaus mit gemeinschaftlichem Haushalt;;Vor 1933;unbekannt;
AG92;AG;Zetzwil;Gemeindearmenhaus ohne gemeinschaftlichen Haushalt;;Vor 1933;unbekannt;
AG93;AG;Zofingen;Gemeindearmenhaus mit gemeinschaftlichem Haushalt;;Vor 1933;unbekannt;
AG94;AG;Windisch;Heil- und Pflegeanstalt Königsfelden;;1866;1980 offen;
AG95;AG;Lenzburg;Kantonale Strafanstalt Lenzburg;;1868;1980 offen;
AG96;AG;Seon;Männerheim Satis;;1956;1980 offen;
AG97;AG;Oberflachs;Gemeinnütziges Erziehungsheim Schloss Kasteln;;1855;1980 offen;
AG98;AG;Olsberg;Staatliche Pestalozzistiftung Olsberg;;1846;1980 offen;
AG99;AG;Hermetschwil;Kinderheim St. Benedikt;;1879;1980 offen;
AI01;AI;Appenzell;Armenhaus Appenzell;;1900;unbekannt;
AI02;AI;Oberegg;Bürgerheim St. Anton Oberegg;;1861;unbekannt;
AI03;AI;Appenzell;Gefängnis im Rathaus/Kanzleigebäude;;Vor 1895;1980 offen;
AI04;AI;Oberegg;Bezirksgefängnis Oberegg;;1815;1998;
AR01;AR;Niederteufen;Kantonale Zwangsarbeits- und Strafanstalt Gmünden;;1884;1980 offen;
AR02;AR;Herisau;Arbeits- und Erziehungsanstalt Kreckelhof;;1915;1980 offen;
AR03;AR;Herisau;Kantonale Heil- und Pflegeanstalt Krombach-Herisau;;1908;1980 offen;
AR04;AR;Lutzenberg;Lärchenheim Lutzenberg;;1854;1980 offen;
AR05;AR;Bühler;Gemeindearmenhaus;;Vor 1933;unbekannt;
AR06;AR;Gais;Gemeindearmenhaus;;Vor 1933;unbekannt;
AR07;AR;Grub;Gemeindearmenhaus;;1881;unbekannt;
AR08;AR;Heiden;Gemeindearmenhaus;;Vor 1933;unbekannt;
AR09;AR;Herisau;Bürgerheim Herisau;;1795;unbekannt;
AR10;AR;Herisau;Gemeindearmenhaus;;1908;unbekannt;
AR11;AR;Hundwil;Gemeindearmenhaus;;Vor 1933;unbekannt;
AR12;AR;Lutzenberg;Gemeindearmenhaus;;Vor 1933;unbekannt;
AR13;AR;Rehetobel;Gemeindearmenhaus;;Vor 1933;unbekannt;
AR14;AR;Reute;Gemeindearmenhaus;;Vor 1933;unbekannt;
AR15;AR;Schwellbrunn;Gemeindearmenhaus;;Vor 1933;unbekannt;
AR16;AR;Speicher;Gemeindearmenhaus;;Vor 1933;unbekannt;
AR17;AR;Stein;Gemeindearmenhaus;;Vor 1933;unbekannt;
AR18;AR;Teufen;Gemeindearmenhaus;;Vor 1933;unbekannt;
AR19;AR;Trogen;Gemeindearmenhaus;;Vor 1933;unbekannt;
AR20;AR;Trogen;Untersuchungsgefängnis Trogen;;Vor 1895;1980 offen;
AR21;AR;Urnäsch;Gemeindearmenhaus;;Vor 1933;unbekannt;
AR22;AR;Wald;Gemeindearmenhaus;;Vor 1933;unbekannt;
AR23;AR;Walzenhausen;Gemeindearmenhaus;;Vor 1933;unbekannt;
AR24;AR;Walzenhausen;Töchterheim Sonneberg;;1905;1975;
AR25;AR;Wolfhalden;Gemeindearmenhaus;;Vor 1933;unbekannt;
BE01;BE;Hindelbank;Anstalten Hindelbank;;1889;1980 offen;
BE02;BE;Gampelen, Erlach, Ins;Anstalten Witzwil;;1894;1980 offen;
BE03;BE;Gals;Arbeitsanstalt St. Johannsen;;1884;1980 offen;
BE04;BE;Krauchthal;Kantonale Strafanstalt Thorberg;;1849;1980 offen;
BE05;BE;Langnau im Emmental;Anstalt Bärau;;1898;1980 offen;
BE06;BE;Kirchlindach;Bernische Heilstätte Nüchtern;;1891;1980 offen;
BE07;BE;Gampelen;Arbeiterheim Tannenhof;;1889;1980 offen;
BE08;BE;Sonvilier;Anstalt Pré-aux-Boeufs Sonvilier;;1900;1980 offen;
BE09;BE;Prêles;Zwangserziehungsanstalt, später Erziehungsheim für Jugendliche Tessenberg;;1922;1980 offen;
BE10;BE;Herzogenbuchsee;Kinderheim Herzogenbuchsee, später Pension Wysshölzli;;1898;1980 offen;
BE11;BE;Aarberg;Bezirksgefängnis Aarberg;;Vor 1895;1980 offen;
BE12;BE;Aarwangen;Bezirksgefängnis Aarwangen;;Vor 1895;1980 offen;
BE13;BE;Belp;Bezirksgefängnis Seftigen;;Vor 1895;1980 offen;
BE14;BE;Bern;Bezirksgefängnis Bern;;Vor 1895;1980 offen;
BE15;BE;Biel;Bezirksgefängnis Biel;;Vor 1895;1980 offen;
BE16;BE;Blankenburg;Bezirksgefängnis Obersimmental;;Vor 1895;1980 offen;
BE17;BE;Büren an der Aare;Bezirksgefängnis Büren;;Vor 1895;1980 offen;
BE18;BE;Burgdorf;Bezirksgefängnis Burgdorf;;Vor 1895;1980 offen;
BE19;BE;Courtelary;Prison de District de Courtelary;;Vor 1895;1980 offen;
BE20;BE;Delémont;Bezirksgefängnis Delémont (ab 1974 Jura);;Vor 1895;1980 offen;
BE21;BE;Erlach;Bezirksgefängnis Erlach;;Vor 1895;1980 offen;
BE22;BE;Fraubrunnen;Bezirksgefängnis Fraubrunnen;;Vor 1895;1980 offen;
BE23;BE;Frutigen;Bezirksgefängnis Frutigen;;Vor 1895;1980 offen;
BE24;BE;Interlaken;Bezirksgefängnis Interlaken;;Vor 1895;1980 offen;
BE25;BE;Konolfingen;Bezirksgefängnis Konolfingen (Schlosswyl);;Vor 1895;1980 offen;
BE26;BE;La Neuveville;Prison de District de la Neuveville;;Vor 1895;1980 offen;
BE27;BE;Langnau i/E;Bezirksgefängnis Signau;;Vor 1895;1980 offen;
BE28;BE;Laufen;Bezirksgefängnis Laufen;;Vor 1895;1980 offen;
BE29;BE;Laupen;Bezirksgefängnis Laupen;;Vor 1895;1980 offen;
BE30;BE;Meiringen;Bezirksgefängnis Oberhasli;;Vor 1895;1980 offen;
BE31;BE;Moutier;Prison de District de Moutier/Münster;;Vor 1895;1980 offen;
BE32;BE;Nidau;Bezirksgefängnis Nidau;;Vor 1895;1980 offen;
BE33;BE;Porrentruy;Bezirksgefängnis Porrentruy (ab 1974 Jura);;Vor 1895;1980 offen;
BE34;BE;Saanen;Bezirksgefängnis Saanen;;Vor 1895;1980 offen;
BE35;BE;Saignelégier;Bezirksgefängnis Franches Montagnes / Saignelégier (ab 1974 Jura);;Vor 1895;1980 offen;
BE36;BE;Schwarzenburg;Bezirksgefängnis Schwarzenburg;;Vor 1895;1980 offen;
BE37;BE;Thun;Bezirksgefängnis Thun;;Vor 1895;1980 offen;
BE38;BE;Trachselwald;Bezirksgefängnis Trachselwald;;Vor 1895;1980 offen;
BE39;BE;Wangen a/A;Bezirksgefängnis Wangen an der Aare;;Vor 1895;1980 offen;
BE40;BE;Wimmis;Bezirksgefängnis Niedersimmental;;Vor 1895;1980 offen;
BE41;BE;Bern;Evangelisches Mädchenheim Brunnadern;;1855;1980 offen;
BE42;BE;Aarwangen;Staatliches Erziehungsheim Eyhalde;;1863;1980 offen;
BE43;BE;Bellelay;Maison de Santé Bellelay;;1899;1980 offen;
BE44;BE;Wabern;Schweizerisches Erziehungsheim Bächtelen;;1840;1980 offen;
BE45;BE;Münsingen;Heil- und Pflegeanstalt Münsingen;;1895;1980 offen;
BE46;BE;Bern;Heil- und Pflegeanstalt Waldau;;1855;1980 offen;
BE47;BE;Riggisberg;Mittelländische Verpflegungsanstalt Riggisberg;;1880;1980 offen;
BE48;BE;Meiringen;Heil- und Pflegeanstalt Meiringen;;1919;1980 offen;
BE49;BE;Belp;Heimstätte Sonnegg;;1910;1980 offen;
BE50;BE;Kehrsatz;Stadtbernische Fürsorgeanstalt Kühlewil bei Kehrsatz;;1890;1980 offen;
BE51;BE;Oberbipp;Kantonales Erziehungsheim für Knaben;;1839;1972;
BE52;BE;Münsingen;Loryheim Münsingen;;1935;1980 offen;
BE53;BE;Köniz;Mädchenheim Schloss Köniz;;1837;1980 offen;
BE54;BE;Köniz;Staatliches Knabenerziehungsheim Landorf;;1851;1980 offen;
BE55;BE;Koppigen;Kinderheim Friedau;;1921;1980 offen;
BE56;BE;Vechigen;Oberländische Armenverpflegungsanstalt Utzigen, Gemeinde Vechigen, Bezirk Bern;;1875;unbekannt;
BE57;BE;Lützelflüh;Gemeindearmenhaus;;Vor 1933;unbekannt;
BE58;BE;Muri;Gemeindearmenhaus;;Vor 1933;unbekannt;
BE59;BE;Saanen;Gemeindearmenhaus;;Vor 1933;unbekannt;
BE60;BE;Tramelan-dessus;Gemeindearmenhaus;;Vor 1933;unbekannt;
BE61;BE;Liebefeld-Bern;Erziehungsheim für Mädchen, Mädchenheim Steinhölzli;;1836;1980 offen;
BE62;BE;Loveresse;Foyer cantonale d'éducation pour jeunes filles;;1908;1972;
BE63;BE;Enggistein bei Worb;Kantonale Beobachtungsstation für Jugendliche;;1861;1980 offen;
BE64;BE;Iseltwald;Webstübli Iseltwalt;;Vor 1954;1965 offen;
BE65;BE;Erlach;Staatliches Erziehungsheim für Knaben;;1874;1980 offen;
BE66;BE;Kehrsatz;Staatliches Mädchenerziehungsheim Kehrsatz;;1836;1980 offen;
BE67;BE;Bern-Bümpliz;Knabenerziehungsheim Brünnen;;1872;1980 offen;
BE68;BE;Niederwangen;Knabenerziehungsheim auf der Grube;;1825;1980 offen;
BE69;BE;Brüttelen bei Ins;Kantonales Mädchenerziehungsheim Brüttelen (Aebiheim);;1898;1982;
BE70;BE;Richigen bei Worb;Erziehungsheim Viktoria;;1859;1980 offen;
BL01;BL;Läufelfingen;Arbeiterkolonie Dietisberg;;1904;1980 offen;
BL03;BL;Reinach;Landheim Erlenhof;;Vor 1933;1980 offen;
BL04;BL;Liestal;Kantonale Strafanstalt Liestal;;1876;1971;
BL05;BL;Liestal;Heil- und Pflegeanstalt Liestal;;1852;1980 offen;
BL06;BL;Arlesheim;Bezirksgefängnis Arlesheim;;Vor 1895;1980 offen;
BL07;BL;Liestal;Bezirksgefängnis Liestal;;Vor 1895;1980 offen;
BL08;BL;Sissach;Bezirksgefängnis Sissach;;Vor 1895;1980 offen;
BL09;BL;Waldenburg;Bezirksgefängnis Waldenburg;;Vor 1895;1980 offen;
BL10;BL;Lausen;Frauenheim Wolfbrunnen Lausen;;1908;1980 offen;
BL11;BL;Binningen;Arrestlokal;;Vor 1980;1980 offen;
BL12;BL;Reinach;Arrestlokal;;Vor 1980;1980 offen;
BL13;BL;Muttenz;Arrestlokal;;Vor 1980;1980 offen;
BL14;BL;Bubendorf;Arbeitserziehungsanstalt Arxhof;;1971;1980 offen;
BL15;BS;Münchenstein;Kantonales Erziehungsheim Klosterfiechten;;1893;1987;
BS01;BS;Basel;St. Verenahof;1940;1933;1987;
BS02;BS;Basel;Basler Jugendheim;;1917;1980;
BS03;BS;Basel;St. Katharinaheim;1924;1913;1965 offen;1974
BS04;BS;Basel;Strafanstalt Basel-Stadt Schällemättelli;;1901;1980 offen;
BS05;BS;Riehen;Anstalt zur Hoffnung;;1857;1980 offen;
BS06;BS;Riehen;Evangelische Heilanstalt Sonnenhalde für weibliche Nerven- und Gemütskranke Riehen;1900;1893;1980 offen;
BS07;BS;Riehen;Kantonales Kinderheim Gute Herberge;;1905;1980 offen;
BS08;BS;Basel;Heil- und Pflegeanstalt Friedmatt;;1866;1980 offen;
BS09;BS;Basel;Untersuchungsgefängnis Lohnhof;;1819;1980 offen;
BS10;BS;Basel;Asyl für schutzbedürftige Mädchen, später Zufluchtshaus Basel;1883;1903;1951;
BS11;BS;Basel;Aufnahme- und Durchgangsheim Sonnenblick;;1913;1980 offen;
BS12;BS;Basel;Bürgerliches Waisenhaus Basel;;1666;1980 offen;
BS13;BS;Basel;Haus Adullam Basel;;1928;1980 offen;
BS14;BS;Basel;Übergangsheim des Kantons Basel-Stadt;;1978;1980 offen;1987
BS15;BS;Basel;Wegwarte, Durchgangsheim für Mädchen;;1943;1965 offen;
BS16;BS;Basel;Leonhardsheim Basel;;1949;1980 offen;
BS17;BS;Basel;Mädchen- und Mütterheim Rankhof;;1950;1970;
FR01;FR;Sugiez;Colonie des détenus Belle-Chasse, Bas-Vully, später Etablissements de Bellechasse;;1898;1980 offen;
FR02;FR;Marsens;Etablissement psychiatrique de Marsens;;1875;1980 offen;
FR03;FR;Lully;Institut Bon Pasteur;;Vor 1940;1965 offen;
FR04;FR;Villars-les-Joncs;Institut Bon Pasteur;;Vor 1940;1965 offen;
FR05;FR;Uebewil;St. Marguerite;;Vor 1940;1965 offen;
FR06;FR;Montet (Broye);Orphelinat et école agricole et professinelle Marini (pour les garçons) à Montet, später Orphelinat Institut Marini;;1882;1940 offen;
FR07;FR;Drognens;Institut St. Nicolas;;1888;1965 offen;
FR08;FR;Fribourg;Maison de refuge pour détenus libérés Fribourg;;1934;;
FR09;FR;Le Mouret;Maison de la Ste. Famille, école pour jeunes filles à Sonnenwyl / Institut Sonnenwyl, später Institut Sonnenwyl;;Vor 1909;1965 offen;
FR10;FR;Fribourg;Prison Centrale de Fribourg;;1888;1980 offen;
FR11;FR;Bulle;Prison de District de la Gruyère;;Vor 1895;1980 offen;
FR12;FR;Châtel-St-Denis;Prison de District de la Veveyse;;Vor 1895;1980 offen;
FR13;FR;Estavayer-le-Lac;Prison de District de la Broye;;Vor 1895;1980 offen;
FR14;FR;Murten;Bezirksgefängnis Murten;;Vor 1895;1980 offen;
FR15;FR;Romont;Prison de District de la Glâne;;Vor 1895;1980 offen;
FR16;FR;Tafers;Bezirksgefängnis Tafers;;Vor 1895;1980 offen;
GE01;GE;Genève;Clinique Psychiatrique de Bel-Air;;1900;1993;
GE02;GE;Genève;Maison d'éducation Florissant;;;;
GE03;GE;Genève;Asile temporaire du Petit Lancy;;1903;1980 offen;
GE04;GE;Genève;Asile temporaire des Petits Délices;;Vor 1919;1933 offen;
GE05;GE;Genève;Prison de Saint-Antoine;;1867;1977;
GE06;GE;Genève;Foyer Riant-Parc;;1977;1980 offen;
GE07;GE;Choully;Foyer pour adolescents Les Ormeaux;;Vor 1945;1971 offen;
GE08;GE;Genève;Le Bouchet;;Vor 1945;1980 offen;
GE09;GE;Thônex;Favra;;1978;1980 offen;
GE10;GE;Genève Gd Lancy;Le Sapey;;1979;1980 offen;
GE11;GE;Genève;Le Tram;;1981;1981 offen;
GE12;GE;Thônex;Prison de Champ-Dollon;;1977;1980 offen;
GE13;GE;Genf;Refuge de Grange-Canal;;;;
GE14;GE;Vernier;Foyer Monfleury;;;1980 offen;
GE15;GE;Vernier;La Clairière;;;;
GL01;GL;Glarus;Untersuchungsgefängnis im Rathaus;;Vor 1895;1980 offen;
GR01;GR;Cazis;Kantonale Korrektionsanstalt und Asyl Realta;;1840;1980 offen;
GR03;GR;Chur;Kantonale Strafanstalt Sennhof;;1934;1980 offen;
GR04;GR;Maienfeld;Asyl Neugut Landquart;;1894;1980 offen;
GR05;GR;Chur;Graubündnerische Anstalt Waldhaus bei Chur;;1892;1980 offen;
JU01;JU;Delémont;Prison de district de Delémont;;1974;1980 offen;
JU02;JU;Porrentruy;Prison de district de Porrentruy;;1793;1980 offen;
JU03;JU;Saignelégier;Prison de district de Saignelégier;;1974;1980 offen;
LU01;LU;Ebikon;Anstalt Sedelhof;;1887;1971;
LU02;LU;Wauwil, Egolzwil, Schötz;Straf- und Verwahrungsanstalt Wauwilermoos;;1884;1980 offen;
LU03;LU;Rathausen;Kinderdörfli Rathausen;;1883;1987;
LU04;LU;Knutwil;Erziehungsheim St. Georg;;1926;1980 offen;
LU05;LU;Pfaffnau;Heil- und Pflegeanstalt St. Urban;;1873;1980 offen;
LU06;LU;Luzern;Marthaheim Luzern;;1927;;
LU07;LU;Schüpfheim;Armenanstalt des Entlebuch auf dem Bühl Schüpfheim;;1912;1980 offen;
LU08;LU;Meggen;Pension Oberland Meggen;;1960;1980 offen;
LU09;LU;Luzern;Zentralgefängnis Luzern;;1863;1980 offen;
LU10;LU;Hochdorf;Amtsgefängnis Hochdorf;;Vor 1895;1980 offen;
LU11;LU;Schüpfheim;Amtsgefängnis Entlebuch-Schüpfheim;;Vor 1895;1980 offen;
LU12;LU;Sursee;Amtsgefängnis Sursee;;Vor 1895;1980 offen;
LU13;LU;Willisau;Amtsgefängnis Willisau;;Vor 1895;1980 offen;
LU14;LU;Altishofen;Armenanstalt;;Vor 1933;unbekannt;
LU15;LU;Burgrain;Armenanstalt;;Vor 1933;unbekannt;
LU16;LU;Buttisholz;Armenanstalt;;Vor 1933;unbekannt;
LU17;LU;Dagmersellen;Armenanstalt;;Vor 1933;unbekannt;
LU18;LU;Emmen;Armenanstalt;;Vor 1933;unbekannt;
LU19;LU;Ettiswil;Armenanstalt;;Vor 1933;unbekannt;
LU20;LU;Gelfingen;Armenanstalt;;Vor 1933;unbekannt;
LU21;LU;Grosswangen;Armenanstalt;;Vor 1933;unbekannt;
LU22;LU;Gunzwil;Armenanstalt;;Vor 1933;unbekannt;
LU23;LU;Hergiswil;Armenanstalt;;Vor 1933;unbekannt;
LU24;LU;Hochdorf;Armenanstalt;;Vor 1933;unbekannt;
LU25;LU;Hohenrain;Armenanstalt;;Vor 1933;unbekannt;
LU26;LU;Horw;Armenanstalt;;Vor 1933;unbekannt;
LU27;LU;Inwil;Armenanstalt;;Vor 1933;unbekannt;
LU28;LU;Klotensberg;Armenanstalt;;1844;unbekannt;
LU29;LU;Kriens;Armenanstalt;;Vor 1933;unbekannt;
LU30;LU;Littau;Armenanstalt;;Vor 1933;unbekannt;
LU31;LU;Luthern;Armenanstalt;;Vor 1933;unbekannt;
LU32;LU;Malters;Armenanstalt;;Vor 1933;unbekannt;
LU33;LU;Meggen;Armenanstalt;;Vor 1933;unbekannt;
LU34;LU;Mennau;Armenanstalt;;Vor 1933;unbekannt;
LU35;LU;Münster;Armenanstalt;;Vor 1933;unbekannt;
LU36;LU;Neudorf;Armenanstalt;;Vor 1933;unbekannt;
LU37;LU;Neuenkirch;Armenanstalt;;Vor 1933;unbekannt;
LU38;LU;Notwtil;Armenanstalt;;Vor 1933;unbekannt;
LU39;LU;Oberkirch;Armenanstalt;;Vor 1933;unbekannt;
LU40;LU;Pfaffnau;Armenanstalt;;Vor 1933;unbekannt;
LU41;LU;Reiden;Armenanstalt;;Vor 1933;unbekannt;
LU42;LU;Römerswil;Armenanstalt;;Vor 1933;unbekannt;
LU43;LU;Rothenburg;Armenanstalt;;Vor 1933;unbekannt;
LU44;LU;Ruswil;Armenanstalt;;Vor 1933;unbekannt;
LU45;LU;Schötz;Armenanstalt;;Vor 1933;unbekannt;
LU46;LU;Schüpfheim;Armenanstalt;;Vor 1933;unbekannt;
LU47;LU;Sempach;Armenanstalt;;Vor 1933;unbekannt;
LU48;LU;Sursee;Armenanstalt;;Vor 1933;unbekannt;
LU49;LU;Ufhusen;Armenanstalt;;Vor 1933;unbekannt;
LU50;LU;Weggis;Armenanstalt;;Vor 1933;unbekannt;
LU51;LU;Willisau;Armenanstalt;;Vor 1933;unbekannt;
LU52;LU;Wolhusen;Armenanstalt;;Vor 1933;unbekannt;
LU53;LU;Zell;Armenanstalt;;Vor 1933;unbekannt;
NE01;NE;St. Aubin;Colonie agricole et industrielle Le Devens, später Colonie agricole et industrielle de l'Armée du Salut Le Devens;;1909;1980 offen;
NE02;NE;Boudry;Maison de Pontareuse;;1897;1980 offen;
NE03;NE;Marin;Maison d'éducation Bellevue, später Institut Bellevue;;1931;1962;
NE04;NE;La Chaux-de-Fonds;Prison Centrale de la Chaux-de-Fonds;;1896;1980 offen;
NE05;NE;Neuchâtel;Prison Centrale de Neuchâtel;;Vor 1915;1980 offen;
NE06;NE;Boudry;Prison auxiliaire du district de Boudry;;Vor 1895;1985;
NE07;NE;Cernier;Prison auxiliaire du district du Val-de-Ruz;;1879;2010;
NE08;NE;Le Locle;Prison auxiliaire du district du Locle;;Vor 1895;2010;
NE09;NE;Môtiers;Prison auxiliaire du district du Val-de-Travers;;1872;1976;
NW01;NW;Hergiswil;Fürsorgeheim Alpenblick;;1920;1980 offen;
NW02;NW;Hergiswil;Arbeiterinnenheim Sonnhalde;;1929;ca. 1970;
NW03;NW;Stans;Untersuchungsgefängnis im Rathaus;;Vor 1895;1980 offen;
NW04;NW;Stans;Untersuchungsgefängnis Spittel / Bezirksgefängnis in Stans;;1893;1980 offen;
NW05;NW;Beckenried;Gemeindearmenhaus;;Vor 1933;unbekannt;
NW06;NW;Buochs;Gemeindearmenhaus;;Vor 1933;unbekannt;
NW07;NW;Emmetten;Gemeindearmenhaus;;Vor 1933;unbekannt;
NW08;NW;Hergiswil;Gemeindearmenhaus;;Vor 1933;unbekannt;
NW09;NW;Stans;Gemeindearmenhaus;;Vor 1933;unbekannt;
NW10;NW;Wolfenschiessen;Gemeindearmenhaus;;Vor 1933;unbekannt;
OW01;OW;Sarnen;Pension Vonderflüh;;1896;1951;
OW02;OW;Sarnen;Kantonales Gefängnis;;Vor 1895;1980 offen;
OW03;OW;Engelberg;Armenhaus Engelberg;;Vor 1933;unbekannt;
SG01;SG;Mosnang;Zwangsarbeitsanstalt/Arbeitserziehungsanstalt Bitzi;;1871;1980 offen;
SG02;SG;Tübach;Pension Mühlhof;;1930;1980 offen;
SG03;SG;Altstätten;Erziehungsheim Vom Guten Hirten Altstätten;;1868;1983;
SG04;SG;Oberbüren;Knabenerziehungsheim Thurhof;;1870;1984;
SG05;SG;Oberuzwil;Erziehungsanstalt Platanenhof;;1882;1980 offen;
SG06;SG;Salez;Kolonie, später kantonale Strafanstalt Saxerriet;;1920;1980 offen;
SG07;SG;St. Gallen;Kantonale Strafanstalt St. Jakob;;Vor 1895;1958;
SG08;SG;Lütisburg;St. Iddaheim;;1877;1980 offen;
SG09;SG;St. Gallen;Mädchenheim Wienerberg;;1888;1980 offen;
SG10;SG;St. Gallen;Fürsorge-/Mädchenheim Waldburg;;1913;1980 offen;
SG11;SG;Bruggen-St. Gallen;Mädchenerziehungsheim Sonnenbühl;;1863;1980 offen;
SG12;SG;St. Gallen;Asyl für schutzbedürftige Mädchen St. Gallen;;1897;1939 offen;
SG14;SG;Wil;Kantonale Heil- und Pflegeanstalt Wil;;1892;1980 offen;
SG15;SG;Pfäfers;Heil- und Pflegeanstalt St. Pirminsberg;;1847;1980 offen;
SG16;SG;St. Gallen;Arbeits- und Armenanstalt für Männer im Kappelhof;;1908;1980 offen;
SG17;SG;Altstätten;Bezirksgefängnis Oberrheintal;;Vor 1895;1980 offen;
SG18;SG;Bazenheid;Bezirksgefängnis Alttoggenburg;;Vor 1895;1980 offen;
SG19;SG;Benken;Bezirksgefängnis Gaster;;Vor 1895;1980 offen;
SG20;SG;Buchs;Bezirksgefängnis Werdenberg;;Vor 1895;1980 offen;
SG21;SG;Flawil;Bezirksgefängnis Untertoggenburg;;Vor 1895;1980 offen;
SG22;SG;Flums;Bezirksgefängnis Sargans;;Vor 1895;1980 offen;
SG23;SG;Gossau;Bezirksgefängnis Gossau;;Vor 1895;1980 offen;
SG24;SG;Lichtensteig;Bezirksgefängnis Neutoggenburg;;Vor 1895;1980 offen;
SG25;SG;Nesslau;Bezirksgefängnis Obertoggenburg;;Vor 1895;1980 offen;
SG26;SG;Rheineck;Bezirksgefängnis Unterrheintal;;Vor 1895;1965 offen;
SG27;SG;Rorschach;Bezirksgefängnis Rorschach;;Vor 1895;1980 offen;
SG28;SG;St. Gallen;Bezirksgefängnis St. Gallen;;Vor 1895;1980 offen;
SG29;SG;Uznach;Bezirksgefängnis See;;Vor 1895;1980 offen;
SG30;SG;Widnau;Bezirksgefängnis Widnau;;Vor 1980;1980 offen;
SG31;SG;Wil;Bezirksgefängnis Wil;;Vor 1895;1980 offen;
SG32;SG;St. Gallen;Kantonales Untersuchungsgefängnis «Karlstor»;;1812;1980 offen;
SG33;SG;St. Gallen;Arbeits- und Armenanstalt für Frauen auf dem Areal des Bürgerspitals St. Gallen;;1909;1945 offen;
SG34;SG;Alt-St. Johann;Gemeindearmenhaus und Bürgerasyl;;Vor 1933;unbekannt;
SG35;SG;Altstätten;Gemeindearmenhaus und Bürgerasyl;;Vor 1933;unbekannt;
SG36;SG;Amden;Gemeindearmenhaus und Bürgerasyl;;Vor 1933;unbekannt;
SG37;SG;Andwil;Gemeindearmenhaus und Bürgerasyl;;Vor 1933;unbekannt;
SG38;SG;Benken;Gemeindearmenhaus und Bürgerasyl;;Vor 1933;unbekannt;
SG39;SG;Bergdietikon;Gemeindearmenhaus und Bürgerasyl;;Vor 1933;unbekannt;
SG40;SG;Berneck;Gemeindearmenhaus und Bürgerasyl;;Vor 1933;unbekannt;
SG41;SG;Bronschhofen;Gemeindearmenhaus und Bürgerasyl;;Vor 1933;unbekannt;
SG42;SG;Buchs;Gemeindearmenhaus und Bürgerasyl;;Vor 1933;unbekannt;
SG43;SG;Bütschwil;Gemeindearmenhaus und Bürgerasyl;;Vor 1933;unbekannt;
SG44;SG;Degersheim;Gemeindearmenhaus und Bürgerasyl;;Vor 1933;unbekannt;
SG45;SG;Diepoldsau;Gemeindearmenhaus und Bürgerasyl;;Vor 1933;unbekannt;
SG46;SG;Ebnat;Gemeindearmenhaus und Bürgerasyl;;Vor 1933;unbekannt;
SG47;SG;Eggersriet;Gemeindearmenhaus und Bürgerasyl;;Vor 1933;unbekannt;
SG48;SG;Eichberg;Gemeindearmenhaus und Bürgerasyl;;Vor 1933;unbekannt;
SG49;SG;Eschenbach;Gemeindearmenhaus und Bürgerasyl;;Vor 1933;unbekannt;
SG50;SG;Flums;Gemeindearmenhaus und Bürgerasyl;;Vor 1933;unbekannt;
SG51;SG;Gams;Gemeindearmenhaus und Bürgerasyl;;Vor 1933;unbekannt;
SG52;SG;Goldingen;Gemeindearmenhaus und Bürgerasyl;;Vor 1933;unbekannt;
SG53;SG;Gommiswald;Gemeindearmenhaus und Bürgerasyl;;Vor 1933;unbekannt;
SG54;SG;Gossau;Gemeindearmenhaus und Bürgerasyl;;Vor 1933;unbekannt;
SG55;SG;Grabs;Gemeindearmenhaus und Bürgerasyl;;Vor 1933;unbekannt;
SG56;SG;Hemberg;Gemeindearmenhaus und Bürgerasyl;;Vor 1933;unbekannt;
SG57;SG;Henau;Gemeindearmenhaus und Bürgerasyl;;Vor 1933;unbekannt;
SG58;SG;Jona;Gemeindearmenhaus und Bürgerasyl;;Vor 1933;unbekannt;
SG59;SG;Kaltbrunn;Gemeindearmenhaus und Bürgerasyl;;Vor 1933;unbekannt;
SG60;SG;Kappel;Gemeindearmenhaus und Bürgerasyl;;Vor 1933;unbekannt;
SG61;SG;Kirchberg;Gemeindearmenhaus und Bürgerasyl;;Vor 1933;unbekannt;
SG62;SG;Krummenau;Gemeindearmenhaus und Bürgerasyl;;Vor 1933;unbekannt;
SG63;SG;Marbach;Gemeindearmenhaus und Bürgerasyl;;Vor 1933;unbekannt;
SG64;SG;Mels;Gemeindearmenhaus und Bürgerasyl;;Vor 1933;unbekannt;
SG65;SG;Mogelsberg;Gemeindearmenhaus und Bürgerasyl;;Vor 1933;unbekannt;
SG66;SG;Mörschwil;Gemeindearmenhaus und Bürgerasyl;;Vor 1933;unbekannt;
SG67;SG;Mosnang;Gemeindearmenhaus und Bürgerasyl;;Vor 1933;unbekannt;
SG68;SG;Muolen;Gemeindearmenhaus und Bürgerasyl;;Vor 1933;unbekannt;
SG69;SG;Nesslau;Gemeindearmenhaus und Bürgerasyl;;Vor 1933;unbekannt;
SG70;SG;Oberbüren;Gemeindearmenhaus und Bürgerasyl;;Vor 1933;unbekannt;
SG71;SG;Oberhelfenschwil;Gemeindearmenhaus und Bürgerasyl;;Vor 1933;unbekannt;
SG72;SG;Oberriet;Gemeindearmenhaus und Bürgerasyl;;Vor 1933;unbekannt;
SG73;SG;Oberuzwil;Gemeindearmenhaus und Bürgerasyl;;Vor 1933;unbekannt;
SG74;SG;Ragaz;Gemeindearmenhaus und Bürgerasyl;;Vor 1933;unbekannt;
SG75;SG;Rapperswil;Gemeindearmenhaus und Bürgerasyl;;Vor 1933;unbekannt;
SG76;SG;Rebstein;Gemeindearmenhaus und Bürgerasyl;;Vor 1933;unbekannt;
SG77;SG;Rheineck;Gemeindearmenhaus und Bürgerasyl;;Vor 1933;unbekannt;
SG78;SG;Rorschacherberg;Gemeindearmenhaus und Bürgerasyl;;Vor 1933;unbekannt;
SG79;SG;Rüthi;Gemeindearmenhaus und Bürgerasyl;;Vor 1933;unbekannt;
SG80;SG;Schänis;Gemeindearmenhaus und Bürgerasyl;;Vor 1933;unbekannt;
SG81;SG;Sennwald;Gemeindearmenhaus und Bürgerasyl;;Vor 1933;unbekannt;
SG82;SG;Sevelen;Gemeindearmenhaus und Bürgerasyl;;Vor 1933;unbekannt;
SG83;SG;St. Gallen;Gemeindearmenhaus und Bürgerasyl;;Vor 1933;unbekannt;
SG84;SG;St. Gallenkappel;Gemeindearmenhaus und Bürgerasyl;;Vor 1933;unbekannt;
SG85;SG;St. Margrethen;Gemeindearmenhaus und Bürgerasyl;;Vor 1933;unbekannt;
SG86;SG;St. Peterzell;Gemeindearmenhaus und Bürgerasyl;;Vor 1933;unbekannt;
SG87;SG;Steinach;Gemeindearmenhaus und Bürgerasyl;;Vor 1933;unbekannt;
SG88;SG;Thalheim;Gemeindearmenhaus und Bürgerasyl;;Vor 1933;unbekannt;
SG89;SG;Uznach;Gemeindearmenhaus und Bürgerasyl;;Vor 1933;unbekannt;
SG90;SG;Vilters;Gemeindearmenhaus und Bürgerasyl;;Vor 1933;unbekannt;
SG91;SG;Waldkirch;Gemeindearmenhaus und Bürgerasyl;;Vor 1933;unbekannt;
SG92;SG;Wallenstadt;Gemeindearmenhaus und Bürgerasyl;;Vor 1933;unbekannt;
SG93;SG;Wartau;Gemeindearmenhaus und Bürgerasyl;;Vor 1933;unbekannt;
SG94;SG;Wattwil;Gemeindearmenhaus und Bürgerasyl;;Vor 1933;unbekannt;
SG95;SG;Widnau;Gemeindearmenhaus und Bürgerasyl;;Vor 1933;unbekannt;
SG96;SG;Wil;Gemeindearmenhaus und Bürgerasyl;;Vor 1933;unbekannt;
SG97;SG;Wittenbach;Gemeindearmenhaus und Bürgerasyl;;Vor 1933;unbekannt;
SG98;SG;Zuzwil;Gemeindearmenhaus und Bürgerasyl;;Vor 1933;unbekannt;
SG99;SG;Niederhelfenschwil;Gemeindearmenhaus und Bürgerasyl;;Vor 1933;unbekannt;
SH01;SH;Schaffhausen;Kantonales Gefängnis Schaffhausen;;Vor 1915;1980 offen;
SH02;SH;Buch bei Ramsen;Evangelisches Erziehungsheim Friedeck;;1826;1980 offen;
SH03;SH;Schaffhausen;Töchterinstitut Steig;;1818;1980 offen;
SH04;SH;Altdorf;Gemeindearmenhaus;;Vor 1933;unbekannt;
SH05;SH;Beggingen;Gemeindearmenhaus;;Vor 1933;unbekannt;
SH06;SH;Beringen;Gemeindearmenhaus;;Vor 1933;unbekannt;
SH07;SH;Buchberg;Gemeindearmenhaus;;Vor 1933;unbekannt;
SH08;SH;Buch;Gemeindearmenhaus;;Vor 1933;unbekannt;
SH09;SH;Büttenhardt;Gemeindearmenhaus;;Vor 1933;unbekannt;
SH10;SH;Dröflingen;Gemeindearmenhaus;;Vor 1933;unbekannt;
SH11;SH;Gächlingen;Gemeindearmenhaus;;Vor 1933;unbekannt;
SH12;SH;Guntmadingen;Gemeindearmenhaus;;Vor 1933;unbekannt;
SH13;SH;Hemmenthal;Gemeindearmenhaus;;Vor 1933;unbekannt;
SH14;SH;Herblingen;Gemeindearmenhaus;;Vor 1933;unbekannt;
SH15;SH;Lohn;Gemeindearmenhaus;;Vor 1933;unbekannt;
SH16;SH;Löhningen;Gemeindearmenhaus;;Vor 1933;unbekannt;
SH17;SH;Merishausen;Gemeindearmenhaus;;Vor 1933;unbekannt;
SH18;SH;Neuhausen;Gemeindearmenhaus;;Vor 1933;unbekannt;
SH19;SH;Neunkirch;Gemeindearmenhaus;;Vor 1933;unbekannt;
SH20;SH;Oberhallau;Gemeindearmenhaus;;Vor 1933;unbekannt;
SH21;SH;Schaffhausen;Gemeindearmenhaus;;Vor 1933;unbekannt;
SH22;SH;Schleitheim;Gemeindearmenhaus;;Vor 1933;unbekannt;
SH23;SH;Stein am Rhein;Gemeindearmenhaus;;Vor 1933;unbekannt;
SH24;SH;Thayngen;Gemeindearmenhaus;;Vor 1933;unbekannt;
SH25;SH;Unterhallau;Gemeindearmenhaus;;Vor 1933;unbekannt;
SH26;SH;Wilchingen;Gemeindearmenhaus;;Vor 1933;unbekannt;
SO01;SO;Deitingen;Kantonale Zwangsarbeitsanstalt Schachenhof bei Flumenthal, später Solothurnische kantonale Zwangsarbeitsanstalt Schachen;;1886;1980 offen;
SO02;SO;Solothurn;Strafanstalt Oberschöngrün;;1924;1980 offen;
SO03;SO;Solothurn;St. Theresiahaus;;1927;1980 offen;
SO04;SO;Balsthal;Bezirksgefängnis Balsthal;;Vor 1895;1980 offen;
SO05;SO;Breitenbach;Bezirksgefängnis Breitenbach;;Vor 1895;1980 offen;
SO06;SO;Dornach;Bezirksgefängnis Dornach;;Vor 1895;1980 offen;
SO07;SO;Olten;Bezirksgefängnis Olten;;Vor 1895;1980 offen;
SO08;SO;Solothurn;Untersuchungsgefängnis Solothurn;;Vor 1895;1980 offen;
SO09;SO;Breitenbach;Gemeindearmenhaus;;Vor 1933;unbekannt;
SO10;SO;Erschwil;Gemeindearmenhaus;;Vor 1933;unbekannt;
SO11;SO;Fehren;Gemeindearmenhaus;;Vor 1933;unbekannt;
SO12;SO;Himmelried;Gemeindearmenhaus;;Vor 1933;unbekannt;
SO13;SO;Hofstetten;Gemeindearmenhaus;;Vor 1933;unbekannt;
SO14;SO;Meltingen;Gemeindearmenhaus;;Vor 1933;unbekannt;
SO15;SO;Nunningen;Gemeindearmenhaus;;Vor 1933;unbekannt;
SO16;SO;Rodersdorf;Gemeindearmenhaus;;Vor 1933;unbekannt;
SO17;SO;Witterwil;Gemeindearmenhaus;;Vor 1933;unbekannt;
SZ01;SZ;Schwyz;Kantonale Zwangsarbeitsanstalt Kaltbach;;1902;1971;
SZ02;SZ;Schwyz;Gefängnis Schwyz;;Vor 1895;1980 offen;
SZ03;SZ;Einsiedeln;Bezirksgefängnis Einsiedeln;;Vor 1895;1980 offen;
SZ04;SZ;Freienbach;Bezirksgefängnis Höfe (Freienbach/Wollerau);;Vor 1895;1980 offen;
SZ05;SZ;Gersau;Bezirksgefängnis Gersau;;1840;1984;
SZ06;SZ;Küssnacht am Rigi;Bezirksgefängnis Küssnacht am Rigi;;Vor 1895;1980 offen;
SZ07;SZ;Lachen;Bezirksgefängnis der March;;Vor 1895;1980 offen;
SZ09;SZ;Altendorf;Gemeindearmenhaus;;Vor 1933;unbekannt;
SZ10;SZ;Arth;Gemeindearmenhaus;;Vor 1933;unbekannt;
SZ11;SZ;Feusisberg;Gemeindearmenhaus;;Vor 1933;unbekannt;
SZ12;SZ;Freienbach;Gemeindearmenhaus;;Vor 1933;unbekannt;
SZ13;SZ;Galgenen;Gemeindearmenhaus;;Vor 1933;unbekannt;
SZ14;SZ;Gersau;Gemeindearmenhaus;;Vor 1933;unbekannt;
SZ15;SZ;Ingenbohl;Gemeindearmenhaus;;Vor 1933;unbekannt;
SZ16;SZ;Küssnacht;Gemeindearmenhaus;;Vor 1933;unbekannt;
SZ17;SZ;Lachen;Gemeindearmenhaus;;Vor 1933;unbekannt;
SZ18;SZ;Reichenburg;Gemeindearmenhaus;;Vor 1933;unbekannt;
SZ19;SZ;Schübelbach;Gemeindearmenhaus;;Vor 1933;unbekannt;
SZ20;SZ;Schwyz;Gemeindearmenhaus;;Vor 1933;unbekannt;
SZ21;SZ;Steinen;Gemeindearmenhaus;;Vor 1933;unbekannt;
SZ22;SZ;Tuggen;Gemeindearmenhaus;;Vor 1933;unbekannt;
SZ23;SZ;Unteriberg;Gemeindearmenhaus;;Vor 1933;unbekannt;
SZ24;SZ;Wangen;Gemeindearmenhaus;;Vor 1933;unbekannt;
SZ25;SZ;Wollerau;Gemeindearmenhaus;;Vor 1933;unbekannt;
SZ26;SZ;Einsiedeln;Armenhaus des Bezirks Einsiedeln;;1906;unbekannt;
SZ27;SZ;Einsiedeln;Gemeindearmenhaus;;Vor 1933;unbekannt;
TG01;TG;Hüttwilen;Arbeitserziehungsanstalt Kalchrain;;1853;1980 offen;
TG02;TG;Herdern;Arbeiterkolonie Herdern;;1895;1980 offen;
TG03;TG;Tobel;Straf- und Verwahrungsanstalt des Kantons Thurgau;;1807;1973;
TG04;TG;Frauenfeld;Kantonalgefängnis Frauenfeld;;Vor 1895;1980 offen;
TG05;TG;Sirnach;Heil- und Pflegeanstalt Littenheid;;1883;1980 offen;
TG06;TG;Münsterlingen;Irrenheilanstalt Münsterlingen;;1839;1980 offen;
TG07;TG;Kreuzlingen;Erziehungsheim Bernrain;;1843;1980 offen;
TG08;TG;Frauenfeld;Töchterheim Sonnhalde;;1942;1980 offen;
TG09;TG;Romanshorn;Bezirksgefängnis Arbon;;Vor 1895;1954 offen;
TG10;TG;Bischofszell;Bezirksgefängnis Bischofszell;;Vor 1895;1965 offen;
TG11;TG;Diessenhofen;Bezirksgefängnis Diessenhofen;;Vor 1895;1965 offen;
TG12;TG;Frauenfeld;Bezirksgefängnis Frauenfeld;;Vor 1895;1965 offen;
TG13;TG;Kreuzlingen;Bezirksgefängnis Kreuzlingen;;Vor 1895;1965 offen;
TG14;TG;Münchwilen;Bezirksgefängnis Münchwilen;;Vor 1895;1965 offen;
TG15;TG;Steckborn;Bezirksgefängnis Steckborn;;Vor 1895;1965 offen;
TG16;TG;Weinfelden;Bezirksgefängnis Weinfelden;;Vor 1895;1965 offen;
TI01;TI;Mendrisio;Casa per intemperanti La Valetta;;1932;1975;
TI02;TI;Riva San Vitale;Istituto Discoli/Canisio Riva San Vitale;;Um 1920;1980 offen;
TI03;TI;Lugano;"Penitenziario di Stato ""La Stampa""";;1965;1980 offen;
TI04;TI;Bellinzona;Carcere Pretoriale di Bellinzona;;Vor 1895;1980 offen;
TI05;TI;Locarno;Carcere Pretoriale di Locarno;;Vor 1895;1980 offen;
TI06;TI;Lugano;Carcere Pretoriale di Lugano;;Vor 1954;1954 offen;
TI07;TI;Mendrisio;Carcere Pretoriale di Mendrisio;;Vor 1895;1980 offen;
UR01;UR;Altdorf;Kantonale Strafanstalt Uri;;1867;1980 offen;
UR02;UR;Altdorf;Gemeindearmenhaus;;Vor 1933;unbekannt;
UR03;UR;Attinghausen;Gemeindearmenhaus;;Vor 1933;unbekannt;
UR04;UR;Bürglen;Gemeindearmenhaus;;Vor 1933;unbekannt;
UR05;UR;Flüelen;Gemeindearmenhaus;;Vor 1933;unbekannt;
UR06;UR;Schattdorf;Gemeindearmenhaus;;Vor 1933;unbekannt;
UR07;UR;Seedorf;Gemeindearmenhaus;;Vor 1933;unbekannt;
VD01;VD;Lausanne;Maison de la Suisse romande pour femmes victimes de la boisson Bethesda;;1899;1980 offen;
VD02;VD;Rolle;Colonie pénitentiaire pour femmes La Prairie;;1897;1978;
VD03;VD;Vennes;Maison d'Education de Vennes (Les Croisettes);;1846;1980 offen;
VD04;VD;Bochuz/Orbe;Etablissements de la Plaine de l'Orbe;;1899;1980 offen;
VD05;VD;Vevey;Le Phare;;1904;1980 offen;
VD06;VD;Lausanne;Asile cantonal des aliénés au Bois-de-Cery près Lausanne;;1873;1980 offen;
VD07;VD;Serix près Oron;Institut Romand d'Education;;1863;1980 offen;2015
VD08;VD;Chailly sur Lausanne;Les Mayoresses;;1885;1980 offen;
VD09;VD;Grandson;"Maison d'éducation pour jeunes filles arriérées ""Les Muriers""";1926;1919;1969;
VD10;VD;Lausanne;Association du Levant centres de Levant et de la Picholette;;1971;1980 offen;
VD11;VD;Etagnières;Asile d'Etagnières pour le relèvement des buveurs;;1898;1922 offen;
VD12;VD;Aigle;Prison de District Aigle;;1803;1972;
VD13;VD;Aubonne;Prison de districts de Rolle et Aubonne;;1803;1973;
VD14;VD;Avenches;Prison de District Avenches;;1803;1980 offen;
VD15;VD;Château d'Oex;Prison de District Château d'Oex;;1803;1975;
VD16;VD;Cossonay;Prison de District Cossonay;;1803;1971;
VD17;VD;Echallens;Prison de District Echallens;;Vor 1895;1980 offen;
VD18;VD;Lausanne;Prison de District Lausanne Bois-Mermet;;Vor 1895;1980 offen;
VD19;VD;Lausanne;Prison de District Lausanne Salles d'Arrêts;;1922;1980;
VD20;VD;Le Sentier;Prison de District La Vallée;;1803;1980;
VD21;VD;Morges;Prison de District Morges;;Vor 1895;1980 offen;
VD22;VD;Moudon;Prison de District Moudon;;1803;1974;
VD23;VD;Nyon;Prison de District Nyon;;1803;1980;
VD24;VD;Orbe;Prison du District d'Orbe;;1803;1960;
VD25;VD;Ste. Croix;Prison de District Ste. Croix (KEINE HINWEISE IM STAATSARCHIV!);;Vor 1954;1954 offen;
VD26;VD;Vevey;Prison de District Vevey;;Vor 1895;1980 offen;
VD27;VD;Yverdon;Prison de District Yverdon;;Vor 1895;1980 offen;
VS01;VS;Granges;Pénitencier de Crêtelongue;;Vor 1939;1980 offen;
VS02;VS;Pramont/Granges;Maison d'education au travail;;1977;1980 offen;
VS03;VS;Sion;Pénitencier Cantonal Sion;;1911;1980 offen;
VS04;VS;Sion;Maison Blanche Sion;;1942;1961;
VS05;VS;Monthey;Maison de Santé de Malévoz à Monthey;;1901;1980 offen;
VS06;VS;Brig;Prison de District Brigue;;1899;1980 offen;
VS07;VS;Martigny;Prison préventive pour Femmes;;Vor 1954;1954 offen;
VS08;VS;Monthey;Prison de District Monthey;;1897;1965 offen;
VS09;VS;Sion;Prison préventive de Sion;;Vor 1954;1954 offen;
VS10;VS;St.-Maurice;Prison de District St.-Maurice;;1897;1965 offen;
ZG01;ZG;Zug;Kantonale Strafanstalt Zug;;1883;1980 offen;
ZG02;ZG;Oberwil;Nervenheilanstalt St. Franziskusheim;;1908;1980 offen;
ZG03;ZG;Menzingen;Interkantonale Strafanstalt Bostadel;;1977;1980 offen;
ZG04;ZG;Baar;Gemeindearmenhaus;;Vor 1933;unbekannt;
ZG05;ZG;Cham;Gemeindearmenhaus;;Vor 1933;unbekannt;
ZG06;ZG;Menzingen;Gemeindearmenhaus;;Vor 1933;unbekannt;
ZG07;ZG;Oberägeri;Gemeindearmenhaus;;Vor 1933;unbekannt;
ZG08;ZG;Steinhausen;Gemeindearmenhaus;;Vor 1933;unbekannt;
ZG09;ZG;Unterägeri;Gemeindearmenhaus;;Vor 1933;unbekannt;
ZG10;ZG;Zug;Gemeindearmenhaus;;Vor 1933;unbekannt;
ZH01;ZH;Uitikon am Albis;Arbeitserziehungsanstalt Uitikon;;1874;1980 offen;
ZH02;ZH;Kappel am Albis;Anstalt Kappel am Albis;;1835;1980 offen;
ZH03;ZH;Ellikon an der Thur;Heilstätte Ellikon an der Thur;;1888;1980 offen;
ZH04;ZH;Regensdorf;Kantonale Straf- und Verwahrungsanstalt Regensdorf;;1901;1980 offen;
ZH05;ZH;Bassersdorf;C. Appenzellerstiftung, Erziehungsheim für Knaben / Landheim Brüttisellen, später Landheim Brüttisellen, Erziehungsheim für Knaben;;1874;1980 offen;
ZH06;ZH;Tagelswangen;C. Appenzellersche Anstalt für Mädchen;1863;1859;1949;
ZH07;ZH;Aeugsterthal;Schweizerische Heilstätte für alkoholkranke Männer Götschihof;;1920;1980 offen;
ZH08;ZH;Hinwil;Kantonale Erziehungsanstalt, später Arbeiterkolonie Ringwil;;1881;1980 offen;
ZH09;ZH;Rheinau;Heil- und Pflegeanstalt Rheinau;;1867;1980 offen;
ZH10;ZH;Zürich;Kantonale Heilanstalt Burghölzli Zürich;;1870;1980 offen;
ZH11;ZH;Zürich;Schenkung Dapples;;1923;1980 offen;
ZH12;ZH;Affoltern a/A.;Bezirksgefängnis Affoltern;;Vor 1915;1980 offen;
ZH13;ZH;Andelfingen;Bezirksgefängnis Andelfingen;;Vor 1915;1980 offen;
ZH14;ZH;Bülach;Bezirksgefängnis Bülach;;Vor 1915;1980 offen;
ZH15;ZH;Dielsdorf;Bezirksgefängnis Dielsdorf;;Vor 1915;1980 offen;
ZH16;ZH;Hinwil;Bezirksgefängnis Hinwil;;Vor 1915;1980 offen;
ZH17;ZH;Horgen;Bezirksgefängnis Horgen;;Vor 1915;1980 offen;
ZH18;ZH;Meilen;Bezirksgefängnis Meilen;;Vor 1915;1980 offen;
ZH19;ZH;Pfäffikon;Bezirksgefängnis Pfäffikon;;Vor 1915;1980 offen;
ZH20;ZH;Uster;Bezirksgefängnis Uster;;Vor 1915;1980 offen;
ZH21;ZH;Winterthur;Bezirksgefängnis Winterthur;;Vor 1915;1980 offen;
ZH22;ZH;Zürich;Bezirksgefängnis Zürich;;Vor 1915;1980 offen;
ZH23;ZH;Hausen am Albis;Landerziehungsheim Albisbrunn;;1924;1980 offen;
ZH24;ZH;Ottenbach;Frauenheim Ulmenhof;;1918;1980 offen;
ZH25;ZH;Bauma;Gemeindearmenhaus;;Vor 1933;unbekannt;
ZH26;ZH;Egg;Gemeindearmenhaus;;Vor 1933;unbekannt;
ZH27;ZH;Esslingen-Egg;Bürgerheim Loo Esslingen-Egg;;Vor 1933;unbekannt;
ZH28;ZH;Fischenthal;Gemeindearmenhaus;;Vor 1933;unbekannt;
ZH29;ZH;Hombrechtikon;Gemeindearmenhaus;;Vor 1933;unbekannt;
ZH30;ZH;Horgen;Gemeindearmenhaus;;Vor 1933;unbekannt;
ZH31;ZH;Männedorf;Gemeindearmenhaus;;Vor 1933;unbekannt;
ZH32;ZH;Rafz;Gemeindearmenhaus;;Vor 1933;unbekannt;
ZH33;ZH;Rafz;Bürgerasyl Rafz;;Vor 1933;unbekannt;
ZH34;ZH;Richterswil;Gemeindearmenhaus;;Vor 1933;unbekannt;
ZH35;ZH;Schönenberg;Gemeindearmenhaus;;Vor 1933;unbekannt;
ZH36;ZH;Stadel;Gemeindearmenhaus;;Vor 1933;unbekannt;
ZH37;ZH;Stäfa;Gemeindearmenhaus;;Vor 1933;unbekannt;
ZH38;ZH;Wädenswil;Gemeindearmenhaus;;Vor 1933;unbekannt;
ZH39;ZH;Wald;Gemeindearmenhaus;;Vor 1933;unbekannt;
ZH40;ZH;Wetzikon;Gemeindearmenhaus;;Vor 1933;unbekannt;
ZH41;ZH;Zürich;Knabenheim Selnau;;1916;1959;
ZH42;ZH;Richterswil;Schweizerisches Erziehungsheim für katholische Mädchen;;1881;1980 offen;
ZH43;ZH;Pfäffikon;Haushaltungsschule Lindenbaum;;1929;1980 offen;
ZH44;ZH;Mettmenstetten;Männerheim zur Weid Rossau;;1912;1980 offen;
ZH45;ZH;Dielsdorf;Pestalozzihaus der Stadt Zürich Burghof;;1898;1980 offen;
ZH46;ZH;Bülach;Stadtzürcherisches Mädchenheim Heimgarten;;Vor 1933;1980 offen;
ZH47;ZH;Stäfa;Mädchenheim Stäfa, später Dorinastift;;1852;1934;
ZH48;ZH;Zürich;Städtisches Jugendheim Artergut;;1924;1980 offen;
ZH49;ZH;Zürich;Magdalenenheim Zürich;;1893;1972 offen;
ZH50;ZH;Zürich;Städtisches Mädchenheim Riesbach;;1886;1980 offen;
ZH51 ;ZH;Zürich;Mädchenheim Tannenhof;;1913;1980 offen;
ZH52;ZH;Zürich;Mädchenheim Pilgerbrunnen;;1890;1980 offen;
ZH53;ZH;Zürich;Mädchenheim der Heilsarmee Zürich;;1894;1947;
ZH54;ZH;Bubikon;Erziehungsheim Friedheim;;1847;1980 offen;
ZH55;ZH;Kilchberg;Sanatorium Kilchberg bei Zürich;;1867;1980 offen;
ZH56;ZH;Oberglatt;Landheim Siloah;;1927;1947;
ZH57;ZH;Brütten;Evangelisches Erziehungsheim Sonnenbühl;1863;1869;1977;
ZH58;ZH;Rorbas-Freienstein;Evangelisches Jugendheim auf dem Freienstein;;1838;1980 offen;
ZH59;ZH;Schlieren;Zürcherische Pestalozzistiftung;;1867;1980 offen;
ZH60;ZH;Zürich;Jugendstätte Gfellergut;;1957;1980 offen;
;;;;;;;
;;;;;;;
;;;;;;;
;;;;;;;
;;;;;;;
;;;;;;;
;;;;;;;
;;;;;;;
;;;;;;;
;;;;;;;
;;;;;;;
;;;;;;;
;;;;;;;
;;;;;;;
;;;;;;;
;;;;;;;
;;;;;;;
;;;;;;;
;;;;;;;
;;;;;;;
;;;;;;;
;;;;;;;
;;;;;;;
;;;;;;;
;;;;;;;
;;;;;;;
;;;;;;;
;;;;;;;
;;;;;;;
;;;;;;;
;;;;;;;
;;;;;;;
;;;;;;;
;;;;;;;
;;;;;;;
;;;;;;;
;;;;;;;
;;;;;;;
;;;;;;;
;;;;;;;
;;;;;;;
;;;;;;;
;;;;;;;
;;;;;;;
;;;;;;;
;;;;;;;
;;;;;;;
;;;;;;;
;;;;;;;
;;;;;;;
;;;;;;;
;;;;;;;
;;;;;;;
;;;;;;;
;;;;;;;
;;;;;;;
;;;;;;;
;;;;;;;
;;;;;;;
;;;;;;;
;;;;;;;
;;;;;;;
;;;;;;;
;;;;;;;
;;;;;;;
;;;;;;;
;;;;;;;
;;;;;;;
;;;;;;;
;;;;;;;
;;;;;;;
;;;;;;;
;;;;;;;
;;;;;;;
;;;;;;;
;;;;;;;
;;;;;;;
;;;;;;;
;;;;;;;
;;;;;;;
;;;;;;;
;;;;;;;
;;;;;;;
;;;;;;;
;;;;;;;
;;;;;;;
;;;;;;;
;;;;;;;
;;;;;;;
;;;;;;;
;;;;;;;
;;;;;;;
;;;;;;;
;;;;;;;
;;;;;;;
;;;;;;;
;;;;;;;
;;;;;;;
;;;;;;;
;;;;;;;
;;;;;;;
;;;;;;;
;;;;;;;
;;;;;;;
;;;;;;;
;;;;;;;
;;;;;;;
;;;;;;;
;;;;;;;
;;;;;;;
;;;;;;;
;;;;;;;
;;;;;;;
;;;;;;;
;;;;;;;
;;;;;;;
;;;;;;;
;;;;;;;
;;;;;;;
;;;;;;;
;;;;;;;
;;;;;;;
;;;;;;;
;;;;;;;
;;;;;;;
;;;;;;;
;;;;;;;
;;;;;;;
;;;;;;;
;;;;;;;
;;;;;;;
;;;;;;;
;;;;;;;
;;;;;;;
;;;;;;;
;;;;;;;
;;;;;;;
;;;;;;;
;;;;;;;
;;;;;;;
;;;;;;;
;;;;;;;
;;;;;;;
;;;;;;;
;;;;;;;
;;;;;;;
;;;;;;;
;;;;;;;
;;;;;;;
;;;;;;;
;;;;;;;
;;;;;;;
;;;;;;;
;;;;;;;
;;;;;;;
;;;;;;;
;;;;;;;
;;;;;;;
;;;;;;;
;;;;;;;
;;;;;;;
;;;;;;;
;;;;;;;
;;;;;;;
;;;;;;;
;;;;;;;
;;;;;;;
;;;;;;;
;;;;;;;
;;;;;;;
;;;;;;;
;;;;;;;
;;;;;;;
;;;;;;;
;;;;;;;
;;;;;;;
;;;;;;;
;;;;;;;
;;;;;;;
;;;;;;;
;;;;;;;
;;;;;;;
;;;;;;;
;;;;;;;
;;;;;;;
;;;;;;;
;;;;;;;
;;;;;;;
;;;;;;;
;;;;;;;
;;;;;;;
;;;;;;;
;;;;;;;
;;;;;;;
;;;;;;;
;;;;;;;
;;;;;;;
;;;;;;;
;;;;;;;
;;;;;;;
;;;;;;;
;;;;;;;
;;;;;;;
;;;;;;;
;;;;;;;
;;;;;;;
;;;;;;;
;;;;;;;
;;;;;;;
;;;;;;;
;;;;;;;
;;;;;;;
;;;;;;;
;;;;;;;
;;;;;;;
;;;;;;;
;;;;;;;
;;;;;;;
;;;;;;;
;;;;;;;
;;;;;;;
;;;;;;;
;;;;;;;
;;;;;;;
;;;;;;;
;;;;;;;
;;;;;;;
;;;;;;;
;;;;;;;
;;;;;;;
;;;;;;;
;;;;;;;
;;;;;;;
;;;;;;;
;;;;;;;
;;;;;;;
;;;;;;;
;;;;;;;
;;;;;;;
;;;;;;;
;;;;;;;
;;;;;;;
;;;;;;;
;;;;;;;
;;;;;;;
;;;;;;;
;;;;;;;
;;;;;;;
;;;;;;;
;;;;;;;
;;;;;;;
;;;;;;;
;;;;;;;
;;;;;;;
;;;;;;;
;;;;;;;
;;;;;;;
;;;;;;;
;;;;;;;
;;;;;;;
;;;;;;;
;;;;;;;
;;;;;;;
;;;;;;;
;;;;;;;
;;;;;;;
;;;;;;;
;;;;;;;
;;;;;;;
;;;;;;;
;;;;;;;
;;;;;;;
;;;;;;;
;;;;;;;
;;;;;;;
;;;;;;;
;;;;;;;
;;;;;;;
;;;;;;;
;;;;;;;
;;;;;;;
;;;;;;;
;;;;;;;
;;;;;;;
;;;;;;;
;;;;;;;
;;;;;;;
;;;;;;;
;;;;;;;
;;;;;;;
;;;;;;;
;;;;;;;
;;;;;;;
;;;;;;;
;;;;;;;
;;;;;;;
;;;;;;;
;;;;;;;
;;;;;;;
;;;;;;;
;;;;;;;
;;;;;;;
;;;;;;;
;;;;;;;
;;;;;;;
;;;;;;;
;;;;;;;
;;;;;;;
;;;;;;;
;;;;;;;
;;;;;;;
;;;;;;;
;;;;;;;
;;;;;;;
;;;;;;;
;;;;;;;
;;;;;;;
;;;;;;;
;;;;;;;
;;;;;;;
;;;;;;;
;;;;;;;
;;;;;;;
;;;;;;;
;;;;;;;
;;;;;;;
;;;;;;;
;;;;;;;
;;;;;;;
;;;;;;;
;;;;;;;
;;;;;;;
;;;;;;;
;;;;;;;
;;;;;;;
;;;;;;;
;;;;;;;
;;;;;;;
;;;;;;;
;;;;;;;
;;;;;;;
;;;;;;;
;;;;;;;
;;;;;;;
;;;;;;;
;;;;;;;
;;;;;;;
;;;;;;;
;;;;;;;
;;;;;;;
;;;;;;;
;;;;;;;
;;;;;;;
;;;;;;;
;;;;;;;
;;;;;;;
;;;;;;;
;;;;;;;
;;;;;;;
;;;;;;;
;;;;;;;
;;;;;;;
;;;;;;;
;;;;;;;
;;;;;;;
;;;;;;;
;;;;;;;
;;;;;;;
;;;;;;;
;;;;;;;
;;;;;;;
;;;;;;;
;;;;;;;
;;;;;;;
;;;;;;;
;;;;;;;
;;;;;;;
;;;;;;;
;;;;;;;
;;;;;;;
;;;;;;;
;;;;;;;
;;;;;;;
;;;;;;;
;;;;;;;
;;;;;;;
;;;;;;;
;;;;;;;
;;;;;;;
;;;;;;;
;;;;;;;
;;;;;;;
;;;;;;;
;;;;;;;
;;;;;;;
;;;;;;;
;;;;;;;
;;;;;;;
;;;;;;;
;;;;;;;
;;;;;;;
;;;;;;;
;;;;;;;
;;;;;;;
;;;;;;;
;;;;;;;
;;;;;;;
;;;;;;;
;;;;;;;
;;;;;;;
;;;;;;;
;;;;;;;
;;;;;;;
;;;;;;;
;;;;;;;
;;;;;;;
;;;;;;;
;;;;;;;
;;;;;;;
;;;;;;;
;;;;;;;
;;;;;;;
;;;;;;;
;;;;;;;
;;;;;;;
;;;;;;;
;;;;;;;
;;;;;;;
;;;;;;;
;;;;;;;
;;;;;;;
;;;;;;;
;;;;;;;
;;;;;;;
;;;;;;;
;;;;;;;
;;;;;;;
;;;;;;;
;;;;;;;
;;;;;;;
;;;;;;;
;;;;;;;
;;;;;;;
;;;;;;;
;;;;;;;
;;;;;;;
;;;;;;;
;;;;;;;
;;;;;;;
;;;;;;;
;;;;;;;
;;;;;;;
;;;;;;;
;;;;;;;
;;;;;;;
;;;;;;;
;;;;;;;
;;;;;;;
;;;;;;;
;;;;;;;
;;;;;;;
;;;;;;;
;;;;;;;
;;;;;;;
;;;;;;;
;;;;;;;
;;;;;;;
;;;;;;;
;;;;;;;
;;;;;;;
;;;;;;;
;;;;;;;
;;;;;;;
;;;;;;;
;;;;;;;
;;;;;;;
;;;;;;;
;;;;;;;
;;;;;;;
;;;;;;;
;;;;;;;
;;;;;;;
;;;;;;;
;;;;;;;
;;;;;;;
;;;;;;;
;;;;;;;
;;;;;;;
;;;;;;;
;;;;;;;
;;;;;;;
;;;;;;;
;;;;;;;
;;;;;;;
;;;;;;;
;;;;;;;
;;;;;;;
;;;;;;;
;;;;;;;
;;;;;;;
;;;;;;;
;;;;;;;
;;;;;;;
;;;;;;;
;;;;;;;
;;;;;;;
;;;;;;;
;;;;;;;
;;;;;;;
;;;;;;;
;;;;;;;
;;;;;;;
;;;;;;;
;;;;;;;
;;;;;;;
;;;;;;;
;;;;;;;
;;;;;;;
;;;;;;;
;;;;;;;
;;;;;;;
;;;;;;;
;;;;;;;
;;;;;;;
;;;;;;;
;;;;;;;
;;;;;;;
;;;;;;;
;;;;;;;
;;;;;;;
;;;;;;;
;;;;;;;
;;;;;;;
;;;;;;;
;;;;;;;
;;;;;;;
;;;;;;;
;;;;;;;
;;;;;;;
;;;;;;;
;;;;;;;
;;;;;;;
;;;;;;;
;;;;;;;
;;;;;;;
;;;;;;;
;;;;;;;
;;;;;;;
;;;;;;;
;;;;;;;
;;;;;;;
;;;;;;;
;;;;;;;
;;;;;;;
;;;;;;;
;;;;;;;